domain_name,label,language,malicious_tags,all_tags,domain_length,words_count,index,word
session.albrightabstract.com,1,fr,5,251,28,15,0.8591734027367375,in
session.albrightabstract.com,1,fr,5,251,28,15,0.5116845356562731,contact
cndj.ci,1,fr,15,621,7,422,0.9839437009227175,de
cndj.ci,1,fr,15,621,7,422,0.10174127532180227,services
cndj.ci,1,fr,15,621,7,422,0.09733561478127743,service
cndj.ci,1,fr,15,621,7,422,0.09404355888075937,accueil
cndj.ci,1,fr,15,621,7,422,0.05643663206279253,votre
viamobte.blogspot.com,1,fr,1,99,21,31,1.0,de
acnote008.firebaseapp.com,1,fr,1,40,25,67,0.5503661376820617,de
acnote008.firebaseapp.com,1,fr,1,40,25,67,0.4971908211141667,votre
acnote008.firebaseapp.com,1,fr,1,40,25,67,0.48919968445303436,espace
acnote008.firebaseapp.com,1,fr,1,40,25,67,0.458892221141089,vos
s4iq9.shop,1,fr,3,13,10,7,1.0,contact
goutezlaqualite.com,1,fr,50,584,19,317,0.6971741940367506,produits
goutezlaqualite.com,1,fr,50,584,19,317,0.5109537897148032,de
goutezlaqualite.com,1,fr,50,584,19,317,0.3624657123651803,plus
goutezlaqualite.com,1,fr,50,584,19,317,0.3079314466416792,site
goutezlaqualite.com,1,fr,50,584,19,317,0.13916631590663728,contact
goutezlaqualite.com,1,fr,50,584,19,317,0.08546306799446594,accueil
doc-postale.firebaseapp.com,1,fr,3,48,27,71,0.8464375205614209,de
doc-postale.firebaseapp.com,1,fr,3,48,27,71,0.33984726978879787,votre
doc-postale.firebaseapp.com,1,fr,3,48,27,71,0.3136688407332963,vos
doc-postale.firebaseapp.com,1,fr,3,48,27,71,0.2042201632707541,services
doc-postale.firebaseapp.com,1,fr,3,48,27,71,0.16719252456264627,espace
sogenrle.inovaperf.me,1,fr,1,23,21,69,0.7884294583968774,votre
sogenrle.inovaperf.me,1,fr,1,23,21,69,0.559983884188929,pouvez
sogenrle.inovaperf.me,1,fr,1,23,21,69,0.21830902543576736,vos
sogenrle.inovaperf.me,1,fr,1,23,21,69,0.13091297870712595,de
megaaaglisse.com,1,fr,4,206,16,112,0.6575435923206301,accueil
megaaaglisse.com,1,fr,4,206,16,112,0.5460032136998432,de
megaaaglisse.com,1,fr,4,206,16,112,0.35691018915602785,contact
megaaaglisse.com,1,fr,4,206,16,112,0.23896536538411525,dun
megaaaglisse.com,1,fr,4,206,16,112,0.18591812985783143,plus
megaaaglisse.com,1,fr,4,206,16,112,0.1821017757670524,vos
megaaaglisse.com,1,fr,4,206,16,112,0.13153318251917198,votre
www.passion-coiffure-fougeres.fr,1,fr,4,96,32,224,0.7714585409957553,de
www.passion-coiffure-fougeres.fr,1,fr,4,96,32,224,0.3859427015842126,vos
www.passion-coiffure-fougeres.fr,1,fr,4,96,32,224,0.371691574454914,votre
www.passion-coiffure-fougeres.fr,1,fr,4,96,32,224,0.1804494140883422,produits
www.passion-coiffure-fougeres.fr,1,fr,4,96,32,224,0.16751697181954586,services
www.passion-coiffure-fougeres.fr,1,fr,4,96,32,224,0.15484268457427178,accueil
www.passion-coiffure-fougeres.fr,1,fr,4,96,32,224,0.13134366758840124,plus
www.passion-coiffure-fougeres.fr,1,fr,4,96,32,224,0.12607133386956262,contact
1cogeco.globaliademo.com,1,fr,3,204,24,302,0.9187030942566433,de
1cogeco.globaliademo.com,1,fr,3,204,24,302,0.28368731910331996,accueil
1cogeco.globaliademo.com,1,fr,3,204,24,302,0.1702440554106857,votre
1cogeco.globaliademo.com,1,fr,3,204,24,302,0.1347544335550171,aux
1cogeco.globaliademo.com,1,fr,3,204,24,302,0.1203173822573413,plus
1cogeco.globaliademo.com,1,fr,3,204,24,302,0.11784761917226319,vos
fr.client.activation-lbp.inovaperf.me,1,fr,1,23,37,69,0.7884294583968774,votre
fr.client.activation-lbp.inovaperf.me,1,fr,1,23,37,69,0.559983884188929,pouvez
fr.client.activation-lbp.inovaperf.me,1,fr,1,23,37,69,0.21830902543576736,vos
fr.client.activation-lbp.inovaperf.me,1,fr,1,23,37,69,0.13091297870712595,de
saulunivamu.weebly.com,1,fr,18,109,22,32,0.6653391886272719,votre
saulunivamu.weebly.com,1,fr,18,109,22,32,0.5523736721537718,de
saulunivamu.weebly.com,1,fr,18,109,22,32,0.5022022405248319,se
verta-ppart.web.app,1,fr,1,146,19,75,0.7037797621090184,site
verta-ppart.web.app,1,fr,1,146,19,75,0.5190173050903165,de
verta-ppart.web.app,1,fr,1,146,19,75,0.27751385819044605,pouvez
verta-ppart.web.app,1,fr,1,146,19,75,0.26955206810612287,service
verta-ppart.web.app,1,fr,1,146,19,75,0.2474190203747884,aux
verta-ppart.web.app,1,fr,1,146,19,75,0.15629028412317794,votre
projets.fondationorange.com,1,fr,8,172,27,379,0.5400452690329738,to
projets.fondationorange.com,1,fr,8,172,27,379,0.49026809350828987,de
projets.fondationorange.com,1,fr,8,172,27,379,0.44319750527889634,site
projets.fondationorange.com,1,fr,8,172,27,379,0.32794597802848974,on
projets.fondationorange.com,1,fr,8,172,27,379,0.29526622283858406,votre
projets.fondationorange.com,1,fr,8,172,27,379,0.13911659123819406,plus
projets.fondationorange.com,1,fr,8,172,27,379,0.11210750133207677,in
projets.fondationorange.com,1,fr,8,172,27,379,0.08738063827080815,pouvez
projets.fondationorange.com,1,fr,8,172,27,379,0.0861015880333608,dune
projets.fondationorange.com,1,fr,8,172,27,379,0.08311936402903124,ne
projets.fondationorange.com,1,fr,8,172,27,379,0.0820031405078788,accueil
projets.fondationorange.com,1,fr,8,172,27,379,0.0779046929823968,aux
projets.fondationorange.com,1,fr,8,172,27,379,0.07428960606132314,se
projets.fondationorange.com,1,fr,8,172,27,379,0.06813046775617398,vos
volksbank.stornierung.com,1,fr,3,13,25,7,1.0,contact
authgrup.firebaseapp.com,1,fr,4,81,24,35,0.7743687397817521,de
authgrup.firebaseapp.com,1,fr,4,81,24,35,0.6327345848369764,contact
eailmreef.weebly.com,1,fr,17,97,20,34,0.7399210068761449,pouvez
eailmreef.weebly.com,1,fr,17,97,20,34,0.5769145808349191,vos
eailmreef.weebly.com,1,fr,17,97,20,34,0.345957323962742,de
caissedepargnesacur.web.app,1,fr,11,1012,27,1405,0.7340665573932662,de
caissedepargnesacur.web.app,1,fr,11,1012,27,1405,0.5741493159852658,votre
caissedepargnesacur.web.app,1,fr,11,1012,27,1405,0.30205588458884913,vos
caissedepargnesacur.web.app,1,fr,11,1012,27,1405,0.10194772678952936,pouvez
caissedepargnesacur.web.app,1,fr,11,1012,27,1405,0.0871751496492522,tre
caissedepargnesacur.web.app,1,fr,11,1012,27,1405,0.06492339958189629,plus
caissedepargnesacur.web.app,1,fr,11,1012,27,1405,0.06258578943429458,dun
caissedepargnesacur.web.app,1,fr,11,1012,27,1405,0.062102944309456336,services
caissedepargnesacur.web.app,1,fr,11,1012,27,1405,0.059413726090703056,service
caissedepargnesacur.web.app,1,fr,11,1012,27,1405,0.0401821792409688,savoir
caissedepargnesacur.web.app,1,fr,11,1012,27,1405,0.038790424893392066,ne
caissedepargnesacur.web.app,1,fr,11,1012,27,1405,0.033895275489539536,espace
caissedepargnesacur.web.app,1,fr,11,1012,27,1405,0.02229911352081635,produits
caissedepargnesacur.web.app,1,fr,11,1012,27,1405,0.020238762919760366,cest
caissedepargnesacur.web.app,1,fr,11,1012,27,1405,0.0200910896204844,dune
caissedepargnesacur.web.app,1,fr,11,1012,27,1405,0.018178412318704384,aux
caissedepargnesacur.web.app,1,fr,11,1012,27,1405,0.017334861845640048,se
caissedepargnesacur.web.app,1,fr,11,1012,27,1405,0.017236075434294656,site
caissedepargnesacur.web.app,1,fr,11,1012,27,1405,0.015579319001289775,contact
novastore14.com,1,fr,32,1173,15,774,0.815802511931623,plus
novastore14.com,1,fr,32,1173,15,774,0.5296075703402847,de
novastore14.com,1,fr,32,1173,15,774,0.17696974661103235,produits
novastore14.com,1,fr,32,1173,15,774,0.09113102982498317,votre
novastore14.com,1,fr,32,1173,15,774,0.0539383575664619,pouvez
novastore14.com,1,fr,32,1173,15,774,0.05353947878222841,cest
novastore14.com,1,fr,32,1173,15,774,0.0513079563896087,ne
novastore14.com,1,fr,32,1173,15,774,0.04585751963482634,se
novastore14.com,1,fr,32,1173,15,774,0.04559619076827614,site
novastore14.com,1,fr,32,1173,15,774,0.04205560412151963,vos
ecoutepro.blogspot.com,1,fr,1,99,22,30,1.0,de
netflixquebec.com,1,fr,5,1046,17,1131,0.6308927797240695,in
netflixquebec.com,1,fr,5,1046,17,1131,0.5468263274930675,on
netflixquebec.com,1,fr,5,1046,17,1131,0.4052189870242697,to
netflixquebec.com,1,fr,5,1046,17,1131,0.3321040037156085,de
netflixquebec.com,1,fr,5,1046,17,1131,0.16151422984657765,dune
netflixquebec.com,1,fr,5,1046,17,1131,0.04871267679604477,aux
trojansol-fix.pages.dev,1,fr,3,38,23,21,1.0,to
biemadepur.firebaseapp.com,1,fr,1,7,26,11,0.6483880883015917,tre
biemadepur.firebaseapp.com,1,fr,1,7,26,11,0.6302625508973492,espace
biemadepur.firebaseapp.com,1,fr,1,7,26,11,0.42703864448662443,votre
uspsshipmentservice.blogspot.com,1,fr,3,311,32,103,1.0,de
eipc.ca-bretagne.oktave.co,1,fr,4,37,26,22,0.6735904687630324,de
eipc.ca-bretagne.oktave.co,1,fr,4,37,26,22,0.6161081691753943,in
eipc.ca-bretagne.oktave.co,1,fr,4,37,26,22,0.4082727082073232,se
hangovertest1.blogspot.com,1,fr,1,99,26,32,1.0,de
acnote008.web.app,1,fr,1,40,17,67,0.5503661376820617,de
acnote008.web.app,1,fr,1,40,17,67,0.4971908211141667,votre
acnote008.web.app,1,fr,1,40,17,67,0.48919968445303436,espace
acnote008.web.app,1,fr,1,40,17,67,0.458892221141089,vos
jbinformatique.fr,1,fr,32,556,17,1097,0.8326834028653171,de
jbinformatique.fr,1,fr,32,556,17,1097,0.32299190007406575,votre
jbinformatique.fr,1,fr,32,556,17,1097,0.2162553964822991,plus
jbinformatique.fr,1,fr,32,556,17,1097,0.18530575752598308,dun
jbinformatique.fr,1,fr,32,556,17,1097,0.1784587818719542,dune
jbinformatique.fr,1,fr,32,556,17,1097,0.1784587818719542,savoir
jbinformatique.fr,1,fr,32,556,17,1097,0.11871667722443612,dur
jbinformatique.fr,1,fr,32,556,17,1097,0.11261633348268912,disque
jbinformatique.fr,1,fr,32,556,17,1097,0.10206610938350814,site
jbinformatique.fr,1,fr,32,556,17,1097,0.09414058100316225,vos
jbinformatique.fr,1,fr,32,556,17,1097,0.05863794119077404,service
jbinformatique.fr,1,fr,32,556,17,1097,0.05132554426411697,se
jbinformatique.fr,1,fr,32,556,17,1097,0.030646022693749584,services
jbinformatique.fr,1,fr,32,556,17,1097,0.029961747931391603,cest
jbinformatique.fr,1,fr,32,556,17,1097,0.028712944002931978,ne
jbinformatique.fr,1,fr,32,556,17,1097,0.028327353186255236,accueil
jbinformatique.fr,1,fr,32,556,17,1097,0.02691157606051811,aux
jbinformatique.fr,1,fr,32,556,17,1097,0.025811062366090126,tre
jbinformatique.fr,1,fr,32,556,17,1097,0.023063841930952896,contact
www.pat-danses.fr,1,fr,6,83,17,67,0.6956486823815831,de
www.pat-danses.fr,1,fr,6,83,17,67,0.4654218979436249,accueil
www.pat-danses.fr,1,fr,6,83,17,67,0.39478919666074747,plus
www.pat-danses.fr,1,fr,6,83,17,67,0.3789417604530846,contact
authgrup.web.app,1,fr,4,81,16,35,0.7743687397817521,de
authgrup.web.app,1,fr,4,81,16,35,0.6327345848369764,contact
portail-web.weebly.com,1,fr,16,127,22,73,0.7128844745554246,votre
portail-web.weebly.com,1,fr,16,127,22,73,0.5918464172297382,de
portail-web.weebly.com,1,fr,16,127,22,73,0.3761828602556992,aux
fermedekerhue.fr,1,fr,18,437,16,404,0.8326473508837028,plus
fermedekerhue.fr,1,fr,18,437,16,404,0.3667970384132059,de
fermedekerhue.fr,1,fr,18,437,16,404,0.33300984387076815,contact
fermedekerhue.fr,1,fr,18,437,16,404,0.14821391451731675,se
fermedekerhue.fr,1,fr,18,437,16,404,0.08918525885210501,dun
fermedekerhue.fr,1,fr,18,437,16,404,0.08652120518860838,cest
fermedekerhue.fr,1,fr,18,437,16,404,0.08588989823184474,dune
fermedekerhue.fr,1,fr,18,437,16,404,0.08588989823184474,savoir
fermedekerhue.fr,1,fr,18,437,16,404,0.08180152717025857,accueil
fermedekerhue.fr,1,fr,18,437,16,404,0.04909004663398519,votre
vs1685490242.sur.2.votresite.ca,1,fr,2,19,31,47,0.7830120053040434,site
vs1685490242.sur.2.votresite.ca,1,fr,2,19,31,47,0.5216568109919799,votre
vs1685490242.sur.2.votresite.ca,1,fr,2,19,31,47,0.3064733693600088,cest
vs1685490242.sur.2.votresite.ca,1,fr,2,19,31,47,0.14436220062240038,de
adytonconseil.com,1,fr,43,659,17,959,0.7613575393625392,de
adytonconseil.com,1,fr,43,659,17,959,0.283401045477335,site
adytonconseil.com,1,fr,43,659,17,959,0.28315208453817775,dune
adytonconseil.com,1,fr,43,659,17,959,0.20358951652584892,se
adytonconseil.com,1,fr,43,659,17,959,0.19062343342841814,plus
adytonconseil.com,1,fr,43,659,17,959,0.18671049325136718,vos
adytonconseil.com,1,fr,43,659,17,959,0.1822298653476544,ne
adytonconseil.com,1,fr,43,659,17,959,0.16183450348222309,votre
adytonconseil.com,1,fr,43,659,17,959,0.14367917270625308,pouvez
adytonconseil.com,1,fr,43,659,17,959,0.1280979637955429,aux
adytonconseil.com,1,fr,43,659,17,959,0.1198307841490933,on
adytonconseil.com,1,fr,43,659,17,959,0.0972491812116668,services
adytonconseil.com,1,fr,43,659,17,959,0.09507776859384956,cest
adytonconseil.com,1,fr,43,659,17,959,0.08989133535487726,accueil
adytonconseil.com,1,fr,43,659,17,959,0.04900264267377225,dun
adytonconseil.com,1,fr,43,659,17,959,0.047192014089696296,savoir
adytonconseil.com,1,fr,43,659,17,959,0.04651901998610491,service
adytonconseil.com,1,fr,43,659,17,959,0.04095318838580448,tre
adytonconseil.com,1,fr,43,659,17,959,0.036594304027549006,contact
web-soc.firebaseapp.com,1,fr,8,124,23,61,0.9178970885538844,vos
web-soc.firebaseapp.com,1,fr,8,124,23,61,0.2858681926766386,service
web-soc.firebaseapp.com,1,fr,8,124,23,61,0.2752168440341084,de
magyarpoosta.blogspot.com,1,fr,1,99,25,31,1.0,de
vs1684845121.sur.2.votresite.ca,1,fr,2,19,31,47,0.7830120053040434,site
vs1684845121.sur.2.votresite.ca,1,fr,2,19,31,47,0.5216568109919799,votre
vs1684845121.sur.2.votresite.ca,1,fr,2,19,31,47,0.3064733693600088,cest
vs1684845121.sur.2.votresite.ca,1,fr,2,19,31,47,0.14436220062240038,de
342sogo.weebly.com,1,fr,14,107,18,75,0.8092375226817963,de
342sogo.weebly.com,1,fr,14,107,18,75,0.3249113561407898,votre
342sogo.weebly.com,1,fr,14,107,18,75,0.2928673676303051,services
342sogo.weebly.com,1,fr,14,107,18,75,0.28018545263469347,service
342sogo.weebly.com,1,fr,14,107,18,75,0.27439398616545824,ne
www.agrolandes.fr,1,fr,42,934,17,607,0.9044598270624268,de
www.agrolandes.fr,1,fr,42,934,17,607,0.21179004835276466,savoir
www.agrolandes.fr,1,fr,42,934,17,607,0.19162757703442418,aux
www.agrolandes.fr,1,fr,42,934,17,607,0.13687789160679836,plus
www.agrolandes.fr,1,fr,42,934,17,607,0.13194951215558426,dun
www.agrolandes.fr,1,fr,42,934,17,607,0.13138340575504354,contact
www.agrolandes.fr,1,fr,42,934,17,607,0.10755619593115569,on
www.agrolandes.fr,1,fr,42,934,17,607,0.1005511423653588,vos
www.agrolandes.fr,1,fr,42,934,17,607,0.09402636531932643,produits
www.agrolandes.fr,1,fr,42,934,17,607,0.08471601934110586,dune
www.agrolandes.fr,1,fr,42,934,17,607,0.07146135098158782,espace
www.agrolandes.fr,1,fr,42,934,17,607,0.04841912059174595,votre
www.agrolandes.fr,1,fr,42,934,17,607,0.04266934903327402,cest
lyonglacon.fr,1,fr,4,454,13,1125,0.8136449952815193,de
lyonglacon.fr,1,fr,4,454,13,1125,0.30862234614733,produits
lyonglacon.fr,1,fr,4,454,13,1125,0.29336763963739726,vos
lyonglacon.fr,1,fr,4,454,13,1125,0.22841470459689495,service
lyonglacon.fr,1,fr,4,454,13,1125,0.14374640131074612,contact
lyonglacon.fr,1,fr,4,454,13,1125,0.14325200534354193,services
lyonglacon.fr,1,fr,4,454,13,1125,0.13243823106304545,votre
lyonglacon.fr,1,fr,4,454,13,1125,0.08827573245110366,accueil
lyonglacon.fr,1,fr,4,454,13,1125,0.08386378609168861,aux
lyonglacon.fr,1,fr,4,454,13,1125,0.08043428627893386,tre
lyonglacon.fr,1,fr,4,454,13,1125,0.07997217360153623,se
lyonglacon.fr,1,fr,4,454,13,1125,0.07818576461291857,espace
lyonglacon.fr,1,fr,4,454,13,1125,0.07487895531557393,plus
lyonglacon.fr,1,fr,4,454,13,1125,0.04703228313956717,pouvez
lyonglacon.fr,1,fr,4,454,13,1125,0.046343839405259366,dune
lyonglacon.fr,1,fr,4,454,13,1125,0.04473866912345679,ne
infopay-a7fe0.firebaseapp.com,1,fr,1,8,29,23,1.0,tre
mobfree.weebly.com,1,fr,19,170,18,64,0.7020850462599525,services
mobfree.weebly.com,1,fr,19,170,18,64,0.5283810787077404,contact
mobfree.weebly.com,1,fr,19,170,18,64,0.32332813777585434,de
mobfree.weebly.com,1,fr,19,170,18,64,0.2922854371845981,site
mobfree.weebly.com,1,fr,19,170,18,64,0.19472586375212597,votre
poloto.inovaperf.me,1,fr,1,23,19,69,0.7884294583968774,votre
poloto.inovaperf.me,1,fr,1,23,19,69,0.559983884188929,pouvez
poloto.inovaperf.me,1,fr,1,23,19,69,0.21830902543576736,vos
poloto.inovaperf.me,1,fr,1,23,19,69,0.13091297870712595,de
rdudeboygay.firebaseapp.com,1,fr,1,8,27,23,1.0,tre
telegrambotfix.pages.dev,1,fr,3,38,24,21,1.0,to
wejsited.weebly.com,1,fr,18,119,19,54,0.9083091129380471,services
wejsited.weebly.com,1,fr,18,119,19,54,0.41829959999227617,de
dhl-tracking-au.blogspot.mk,1,fr,1,99,27,32,1.0,de
anyillustrations.com,1,fr,3,326,20,98,1.0,contact
falcozfamily.com,1,fr,7,184,16,322,0.8845848141733088,de
falcozfamily.com,1,fr,7,184,16,322,0.4471254995381139,cest
falcozfamily.com,1,fr,7,184,16,322,0.09852877186003596,produits
falcozfamily.com,1,fr,7,184,16,322,0.08877260451579486,dune
secika.inovaperf.me,1,fr,1,23,19,69,0.7884294583968774,votre
secika.inovaperf.me,1,fr,1,23,19,69,0.559983884188929,pouvez
secika.inovaperf.me,1,fr,1,23,19,69,0.21830902543576736,vos
secika.inovaperf.me,1,fr,1,23,19,69,0.13091297870712595,de
vs1685199122.sur.2.votresite.ca,1,fr,2,19,31,47,0.7830120053040434,site
vs1685199122.sur.2.votresite.ca,1,fr,2,19,31,47,0.5216568109919799,votre
vs1685199122.sur.2.votresite.ca,1,fr,2,19,31,47,0.3064733693600088,cest
vs1685199122.sur.2.votresite.ca,1,fr,2,19,31,47,0.14436220062240038,de
acnote011.firebaseapp.com,1,fr,1,40,25,67,0.5503661376820617,de
acnote011.firebaseapp.com,1,fr,1,40,25,67,0.4971908211141667,votre
acnote011.firebaseapp.com,1,fr,1,40,25,67,0.48919968445303436,espace
acnote011.firebaseapp.com,1,fr,1,40,25,67,0.458892221141089,vos
lhrpa3200215.blogspot.rs,1,fr,1,99,24,30,1.0,de
cfkyb0.webwave.dev,1,fr,12,313,18,132,0.6728595838632153,in
cfkyb0.webwave.dev,1,fr,12,313,18,132,0.5907208273825765,votre
cfkyb0.webwave.dev,1,fr,12,313,18,132,0.3269496603802416,de
cfkyb0.webwave.dev,1,fr,12,313,18,132,0.17352423902489192,cest
cfkyb0.webwave.dev,1,fr,12,313,18,132,0.1494854360885677,tre
cfkyb0.webwave.dev,1,fr,12,313,18,132,0.14530660567496434,espace
cfkyb0.webwave.dev,1,fr,12,313,18,132,0.13357483779729243,contact
tkonlmetine.blogspot.com,1,fr,1,102,24,33,1.0,de
postbd8.weebly.com,1,fr,13,121,18,34,0.7578261250397668,se
postbd8.weebly.com,1,fr,13,121,18,34,0.5020003680465229,votre
postbd8.weebly.com,1,fr,13,121,18,34,0.41676755474528904,de
verbaereauto.com,1,fr,22,658,16,757,0.7258045688220219,de
verbaereauto.com,1,fr,22,658,16,757,0.5682548983108044,votre
verbaereauto.com,1,fr,22,658,16,757,0.23640528370764116,services
verbaereauto.com,1,fr,22,658,16,757,0.18535636516213072,plus
verbaereauto.com,1,fr,22,658,16,757,0.1815515424534505,vos
verbaereauto.com,1,fr,22,658,16,757,0.15077888205119033,service
verbaereauto.com,1,fr,22,658,16,757,0.06598806189012353,se
authenac1.weebly.com,1,fr,18,94,20,38,0.9505189518913189,de
authenac1.weebly.com,1,fr,18,94,20,38,0.3106665770491393,contact
lecartayrou.fr,1,fr,23,391,14,528,0.9099917902399373,de
lecartayrou.fr,1,fr,23,391,14,528,0.24927287403345066,cest
lecartayrou.fr,1,fr,23,391,14,528,0.17675639515427552,accueil
lecartayrou.fr,1,fr,23,391,14,528,0.15921746591916416,site
lecartayrou.fr,1,fr,23,391,14,528,0.13732470057013463,produits
lecartayrou.fr,1,fr,23,391,14,528,0.123727020075718,savoir
lecartayrou.fr,1,fr,23,391,14,528,0.0707157105834024,votre
lecartayrou.fr,1,fr,23,391,14,528,0.06423704381781,dun
lecartayrou.fr,1,fr,23,391,14,528,0.061863510037859,dune
lecartayrou.fr,1,fr,23,391,14,528,0.059720798749473655,ne
lecartayrou.fr,1,fr,23,391,14,528,0.04997724684916487,plus
siamajeron.firebaseapp.com,1,fr,1,7,26,11,0.6483880883015917,tre
siamajeron.firebaseapp.com,1,fr,1,7,26,11,0.6302625508973492,espace
siamajeron.firebaseapp.com,1,fr,1,7,26,11,0.42703864448662443,votre
vs1685703841.sur.3.votresite.ca,1,fr,2,19,31,47,0.7830120053040434,site
vs1685703841.sur.3.votresite.ca,1,fr,2,19,31,47,0.5216568109919799,votre
vs1685703841.sur.3.votresite.ca,1,fr,2,19,31,47,0.3064733693600088,cest
vs1685703841.sur.3.votresite.ca,1,fr,2,19,31,47,0.14436220062240038,de
4mtec.fr,1,fr,7,298,8,364,0.9176585801903949,de
4mtec.fr,1,fr,7,298,8,364,0.2661351702981441,vos
4mtec.fr,1,fr,7,298,8,364,0.1732724481122093,services
4mtec.fr,1,fr,7,298,8,364,0.15215790685670114,aux
4mtec.fr,1,fr,7,298,8,364,0.10675346090332007,on
4mtec.fr,1,fr,7,298,8,364,0.09332460884376081,produits
4mtec.fr,1,fr,7,298,8,364,0.08288465132913829,service
4mtec.fr,1,fr,7,298,8,364,0.0679281585020363,plus
4mtec.fr,1,fr,7,298,8,364,0.04805774927529599,votre
bataxal.net,1,fr,14,1965,11,1806,0.9797284772746649,de
bataxal.net,1,fr,14,1965,11,1806,0.14046101314536508,accueil
bataxal.net,1,fr,14,1965,11,1806,0.09928713923649937,plus
bataxal.net,1,fr,14,1965,11,1806,0.07374056782269654,dune
bataxal.net,1,fr,14,1965,11,1806,0.042416234585312164,se
bataxal.net,1,fr,14,1965,11,1806,0.031207222366755005,on
bataxal.net,1,fr,14,1965,11,1806,0.024945331168195,pouvez
bataxal.net,1,fr,14,1965,11,1806,0.024760858302917056,cest
bataxal.net,1,fr,14,1965,11,1806,0.024580189274232184,savoir
bataxal.net,1,fr,14,1965,11,1806,0.02224014844088952,aux
socgene-acti.inovaperf.me,1,fr,1,23,25,69,0.7884294583968774,votre
socgene-acti.inovaperf.me,1,fr,1,23,25,69,0.559983884188929,pouvez
socgene-acti.inovaperf.me,1,fr,1,23,25,69,0.21830902543576736,vos
socgene-acti.inovaperf.me,1,fr,1,23,25,69,0.13091297870712595,de
dhl-tracking-au.blogspot.co.za,1,fr,1,99,30,32,1.0,de
www.magaluapp.com,1,fr,3,13,17,7,1.0,contact
lolipoker1990.blogspot.com,1,fr,1,99,26,30,1.0,de
telegrambotsolution.pages.dev,1,fr,3,41,29,24,1.0,to
fisafe-maroc.com,1,fr,32,843,16,518,0.9162181417913301,de
fisafe-maroc.com,1,fr,32,843,16,518,0.2941505301621966,produits
fisafe-maroc.com,1,fr,32,843,16,518,0.15293090646469878,plus
fisafe-maroc.com,1,fr,32,843,16,518,0.14979168335106594,vos
fisafe-maroc.com,1,fr,32,843,16,518,0.10817528951108098,accueil
fisafe-maroc.com,1,fr,32,843,16,518,0.08655633035132455,votre
fisafe-maroc.com,1,fr,32,843,16,518,0.07464135721798282,service
fisafe-maroc.com,1,fr,32,843,16,518,0.04749375285297247,to
fisafe-maroc.com,1,fr,32,843,16,518,0.03425626004666232,aux
nebimtis.firebaseapp.com,1,fr,1,7,24,11,0.6483880883015917,tre
nebimtis.firebaseapp.com,1,fr,1,7,24,11,0.6302625508973492,espace
nebimtis.firebaseapp.com,1,fr,1,7,24,11,0.42703864448662443,votre
apple-kicker-1870.typedream.app,1,fr,2,97,31,79,0.7702761508291341,votre
apple-kicker-1870.typedream.app,1,fr,2,97,31,79,0.35095271152238194,in
apple-kicker-1870.typedream.app,1,fr,2,97,31,79,0.27354522731586467,pouvez
apple-kicker-1870.typedream.app,1,fr,2,97,31,79,0.26954115850983684,dune
apple-kicker-1870.typedream.app,1,fr,2,97,31,79,0.26569729607142656,service
apple-kicker-1870.typedream.app,1,fr,2,97,31,79,0.2557975079651102,de
wl6n2h.webwave.dev,1,fr,12,319,18,133,0.6728595838632153,in
wl6n2h.webwave.dev,1,fr,12,319,18,133,0.5907208273825765,votre
wl6n2h.webwave.dev,1,fr,12,319,18,133,0.3269496603802416,de
wl6n2h.webwave.dev,1,fr,12,319,18,133,0.17352423902489192,cest
wl6n2h.webwave.dev,1,fr,12,319,18,133,0.1494854360885677,tre
wl6n2h.webwave.dev,1,fr,12,319,18,133,0.14530660567496434,espace
wl6n2h.webwave.dev,1,fr,12,319,18,133,0.13357483779729243,contact
www.yvespertosa.fr,1,fr,1,615,18,829,0.6722702564285338,savoir
www.yvespertosa.fr,1,fr,1,615,18,829,0.5431023317997781,plus
www.yvespertosa.fr,1,fr,1,615,18,829,0.3659366891367673,votre
www.yvespertosa.fr,1,fr,1,615,18,829,0.2886153504842339,de
www.yvespertosa.fr,1,fr,1,615,18,829,0.10801654329880825,espace
www.yvespertosa.fr,1,fr,1,615,18,829,0.10132457777398976,vos
www.yvespertosa.fr,1,fr,1,615,18,829,0.09603860806121911,dune
www.yvespertosa.fr,1,fr,1,615,18,829,0.05793047063248979,aux
www.yvespertosa.fr,1,fr,1,615,18,829,0.027463728522055832,site
www.yvespertosa.fr,1,fr,1,615,18,829,0.02482387532132762,contact
buttcsmanoury.com,1,fr,7,170,17,69,0.7964595761612246,to
buttcsmanoury.com,1,fr,7,170,17,69,0.6046917756519288,accueil
switzapps.blogspot.com,1,fr,1,84,22,30,1.0,de
www.oisenumerique.fr,1,fr,15,178,20,129,0.8644306482197724,accueil
www.oisenumerique.fr,1,fr,15,178,20,129,0.4306773732973926,de
www.oisenumerique.fr,1,fr,15,178,20,129,0.25937743646663347,votre
www.mercier-auto.com,1,fr,20,999,20,1631,0.821060039369608,de
www.mercier-auto.com,1,fr,20,999,20,1631,0.4619860073475116,aux
www.mercier-auto.com,1,fr,20,999,20,1631,0.17144924633732364,cest
www.mercier-auto.com,1,fr,20,999,20,1631,0.16041303966371945,plus
www.mercier-auto.com,1,fr,20,999,20,1631,0.14613737673425528,services
www.mercier-auto.com,1,fr,20,999,20,1631,0.0972761703875221,votre
www.mercier-auto.com,1,fr,20,999,20,1631,0.08215162581136867,ne
www.mercier-auto.com,1,fr,20,999,20,1631,0.07342467053395878,se
www.mercier-auto.com,1,fr,20,999,20,1631,0.07178451889719453,espace
www.mercier-auto.com,1,fr,20,999,20,1631,0.04923263266621521,tre
www.mercier-auto.com,1,fr,20,999,20,1631,0.04399251923663695,contact
www.mercier-auto.com,1,fr,20,999,20,1631,0.03601419822639375,on
www.mercier-auto.com,1,fr,20,999,20,1631,0.028787762363351573,pouvez
www.mercier-auto.com,1,fr,20,999,20,1631,0.028366376172828358,dune
www.mercier-auto.com,1,fr,20,999,20,1631,0.028366376172828358,savoir
www.mercier-auto.com,1,fr,20,999,20,1631,0.024335414790741455,site
www.mercier-auto.com,1,fr,20,999,20,1631,0.022445747184750835,vos
cottet-chapelet.fr,1,fr,10,426,18,733,0.7534478473550892,de
cottet-chapelet.fr,1,fr,10,426,18,733,0.36650651553195973,plus
cottet-chapelet.fr,1,fr,10,426,18,733,0.2268370201642169,dune
cottet-chapelet.fr,1,fr,10,426,18,733,0.21898026836607107,ne
cottet-chapelet.fr,1,fr,10,426,18,733,0.2052420729579114,aux
cottet-chapelet.fr,1,fr,10,426,18,733,0.176655102436876,dun
cottet-chapelet.fr,1,fr,10,426,18,733,0.17012776512316266,savoir
cottet-chapelet.fr,1,fr,10,426,18,733,0.16202965992079807,accueil
cottet-chapelet.fr,1,fr,10,426,18,733,0.14595201397842833,site
cottet-chapelet.fr,1,fr,10,426,18,733,0.14399712814046123,on
cottet-chapelet.fr,1,fr,10,426,18,733,0.09785901313222455,se
cottet-chapelet.fr,1,fr,10,426,18,733,0.0648239206671166,votre
cottet-chapelet.fr,1,fr,10,426,18,733,0.058430740097085807,services
cottet-chapelet.fr,1,fr,10,426,18,733,0.05712607876488334,cest
cottet-chapelet.fr,1,fr,10,426,18,733,0.055900537824849994,service
cottet-chapelet.fr,1,fr,10,426,18,733,0.04921224172591511,tre
cottet-chapelet.fr,1,fr,10,426,18,733,0.04487290142144876,vos
crm.besgc.fr,1,fr,19,100,12,51,0.7118363853009727,espace
crm.besgc.fr,1,fr,19,100,12,51,0.6006299490120607,de
crm.besgc.fr,1,fr,19,100,12,51,0.36405030546809675,se
zimbra--fr.weebly.com,1,fr,15,105,21,32,1.0,de
evangerber.fr,1,fr,5,273,13,413,0.9184632929667941,de
evangerber.fr,1,fr,5,273,13,413,0.3071853409222209,on
evangerber.fr,1,fr,5,273,13,413,0.15751579524009568,in
evangerber.fr,1,fr,5,273,13,413,0.15175730260084008,to
evangerber.fr,1,fr,5,273,13,413,0.11925116834769012,service
fibercom-laboratory.com,1,fr,5,216,23,154,0.7215824214867487,de
fibercom-laboratory.com,1,fr,5,216,23,154,0.6321110470121222,votre
fibercom-laboratory.com,1,fr,5,216,23,154,0.21440110114782954,contact
fibercom-laboratory.com,1,fr,5,216,23,154,0.13926196181961648,cest
fibercom-laboratory.com,1,fr,5,216,23,154,0.11996960891537788,tre
ciframisu.firebaseapp.com,1,fr,1,7,25,11,0.6483880883015917,tre
ciframisu.firebaseapp.com,1,fr,1,7,25,11,0.6302625508973492,espace
ciframisu.firebaseapp.com,1,fr,1,7,25,11,0.42703864448662443,votre
chorusportail.web.app,1,fr,1,7,21,11,0.6483880883015917,tre
chorusportail.web.app,1,fr,1,7,21,11,0.6302625508973492,espace
chorusportail.web.app,1,fr,1,7,21,11,0.42703864448662443,votre
irc.ca-illeetvilaine.oktave.co,1,fr,4,42,30,27,0.8551775381441774,de
irc.ca-illeetvilaine.oktave.co,1,fr,4,42,30,27,0.5183351987407995,se
dhl-tracking-au.blogspot.tw,1,fr,1,99,27,32,1.0,de
acgrenobld.weebly.com,1,fr,21,130,21,65,0.7819992121406888,de
acgrenobld.weebly.com,1,fr,21,130,21,65,0.4181279050518128,pouvez
acgrenobld.weebly.com,1,fr,21,130,21,65,0.397737144503195,ne
acgrenobld.weebly.com,1,fr,21,130,21,65,0.2354813179654996,votre
credithaolk32.blogspot.com,1,fr,2,100,26,30,1.0,de
qdbqdx.blogspot.com,1,fr,1,99,19,30,1.0,de
urlz.fr,1,fr,12,65,7,107,0.6642621635629433,plus
urlz.fr,1,fr,12,65,7,107,0.6375976743842441,contact
urlz.fr,1,fr,12,65,7,107,0.39016020258155615,de
senilfirst.firebaseapp.com,1,fr,1,7,26,11,0.6483880883015917,tre
senilfirst.firebaseapp.com,1,fr,1,7,26,11,0.6302625508973492,espace
senilfirst.firebaseapp.com,1,fr,1,7,26,11,0.42703864448662443,votre
serviceappsm.blogspot.com,1,fr,1,84,25,30,1.0,de
ciframisu.web.app,1,fr,1,7,17,11,0.6483880883015917,tre
ciframisu.web.app,1,fr,1,7,17,11,0.6302625508973492,espace
ciframisu.web.app,1,fr,1,7,17,11,0.42703864448662443,votre
wpnhcj.weebly.com,1,fr,18,114,17,38,0.9487848233808722,service
wpnhcj.weebly.com,1,fr,18,114,17,38,0.27682246034256075,se
wpnhcj.weebly.com,1,fr,18,114,17,38,0.15223890557941605,de
a-fratellanza.corsica,1,fr,29,436,21,406,0.6877987995573629,de
a-fratellanza.corsica,1,fr,29,436,21,406,0.37519612057669516,se
a-fratellanza.corsica,1,fr,29,436,21,406,0.34512746606239697,accueil
a-fratellanza.corsica,1,fr,29,436,21,406,0.29870165666777465,services
a-fratellanza.corsica,1,fr,29,436,21,406,0.2927507185939002,plus
a-fratellanza.corsica,1,fr,29,436,21,406,0.26230263003939774,aux
a-fratellanza.corsica,1,fr,29,436,21,406,0.11239970456760784,contact
a-fratellanza.corsica,1,fr,29,436,21,406,0.0714417754642435,service
a-fratellanza.corsica,1,fr,29,436,21,406,0.062176330896085236,site
a-fratellanza.corsica,1,fr,29,436,21,406,0.04142300025379502,votre
huliondea.inovaperf.me,1,fr,1,23,22,69,0.7884294583968774,votre
huliondea.inovaperf.me,1,fr,1,23,22,69,0.559983884188929,pouvez
huliondea.inovaperf.me,1,fr,1,23,22,69,0.21830902543576736,vos
huliondea.inovaperf.me,1,fr,1,23,22,69,0.13091297870712595,de
assosipa.com,1,fr,14,953,12,1090,0.9630020221208373,de
assosipa.com,1,fr,14,953,12,1090,0.13858702014343735,aux
assosipa.com,1,fr,14,953,12,1090,0.13131450881095744,votre
assosipa.com,1,fr,14,953,12,1090,0.11928404292077494,dun
assosipa.com,1,fr,14,953,12,1090,0.08907920663255146,contact
assosipa.com,1,fr,14,953,12,1090,0.07714727213974287,cest
assosipa.com,1,fr,14,953,12,1090,0.04861608687389256,on
assosipa.com,1,fr,14,953,12,1090,0.038292181312676435,savoir
assosipa.com,1,fr,14,953,12,1090,0.0332299213172131,tre
assosipa.com,1,fr,14,953,12,1090,0.03303900810569584,se
assosipa.com,1,fr,14,953,12,1090,0.03285072826393905,site
assosipa.com,1,fr,14,953,12,1090,0.030934840210092285,plus
vtxmailch.weebly.com,1,fr,18,132,20,74,0.6512600235267835,de
vtxmailch.weebly.com,1,fr,18,132,20,74,0.49618324372932754,espace
vtxmailch.weebly.com,1,fr,18,132,20,74,0.4654431268951509,vos
vtxmailch.weebly.com,1,fr,18,132,20,74,0.33619230512342285,votre
armellaminsi.com,1,fr,41,341,16,286,0.5153231803171912,de
armellaminsi.com,1,fr,41,341,16,286,0.47134696211172217,in
armellaminsi.com,1,fr,41,341,16,286,0.4541153695103668,to
armellaminsi.com,1,fr,41,341,16,286,0.4386783793255801,plus
armellaminsi.com,1,fr,41,341,16,286,0.28071277657443117,contact
armellaminsi.com,1,fr,41,341,16,286,0.15528235194383783,site
armellaminsi.com,1,fr,41,341,16,286,0.10345192151543428,votre
lavieillechouette.fr,1,fr,15,520,20,269,0.6195994549545841,de
lavieillechouette.fr,1,fr,15,520,20,269,0.4663590355196965,accueil
lavieillechouette.fr,1,fr,15,520,20,269,0.3797047683055994,contact
lavieillechouette.fr,1,fr,15,520,20,269,0.32644484348006486,dune
lavieillechouette.fr,1,fr,15,520,20,269,0.26372274245764443,plus
lavieillechouette.fr,1,fr,15,520,20,269,0.18116067272989408,produits
lavieillechouette.fr,1,fr,15,520,20,269,0.1608947455532063,service
lavieillechouette.fr,1,fr,15,520,20,269,0.14002794406984612,site
janjawanaj.blogspot.com,1,fr,1,99,23,30,1.0,de
acnote009.web.app,1,fr,1,40,17,67,0.5503661376820617,de
acnote009.web.app,1,fr,1,40,17,67,0.4971908211141667,votre
acnote009.web.app,1,fr,1,40,17,67,0.48919968445303436,espace
acnote009.web.app,1,fr,1,40,17,67,0.458892221141089,vos
bunlorad.firebaseapp.com,1,fr,1,7,24,11,0.6483880883015917,tre
bunlorad.firebaseapp.com,1,fr,1,7,24,11,0.6302625508973492,espace
bunlorad.firebaseapp.com,1,fr,1,7,24,11,0.42703864448662443,votre
snbcvertess.firebaseapp.com,1,fr,1,4,27,13,1.0,se
catamaran-bluesky.com,1,fr,42,686,21,681,0.8623223930691153,de
catamaran-bluesky.com,1,fr,42,686,21,681,0.3369701283152071,dun
catamaran-bluesky.com,1,fr,42,686,21,681,0.22257327535284346,votre
catamaran-bluesky.com,1,fr,42,686,21,681,0.18544323217799125,accueil
catamaran-bluesky.com,1,fr,42,686,21,681,0.1298076852640393,dune
catamaran-bluesky.com,1,fr,42,686,21,681,0.11199981350240945,se
catamaran-bluesky.com,1,fr,42,686,21,681,0.10271422998561397,vos
catamaran-bluesky.com,1,fr,42,686,21,681,0.10065732500071004,contact
catamaran-bluesky.com,1,fr,42,686,21,681,0.05568077932619906,site
catamaran-bluesky.com,1,fr,42,686,21,681,0.05474898743418642,espace
catamaran-bluesky.com,1,fr,42,686,21,681,0.05243341935649497,plus
lhrpa3200215.blogspot.co.ke,1,fr,1,99,27,30,1.0,de
cej0urpdfliens-nov17-virt.weebly.com,1,fr,17,120,36,46,0.9637759143948419,votre
cej0urpdfliens-nov17-virt.weebly.com,1,fr,17,120,36,46,0.26671330456575715,de
www.mathelin-teinture-tissus.com,1,fr,21,343,32,453,0.9466733585695809,de
www.mathelin-teinture-tissus.com,1,fr,21,343,32,453,0.17033334991108634,produits
www.mathelin-teinture-tissus.com,1,fr,21,343,32,453,0.1545952166645976,cest
www.mathelin-teinture-tissus.com,1,fr,21,343,32,453,0.14616214359027577,accueil
www.mathelin-teinture-tissus.com,1,fr,21,343,32,453,0.12398049061543558,plus
www.mathelin-teinture-tissus.com,1,fr,21,343,32,453,0.11900372597080615,contact
retawilo.firebaseapp.com,1,fr,1,7,24,11,0.6483880883015917,tre
retawilo.firebaseapp.com,1,fr,1,7,24,11,0.6302625508973492,espace
retawilo.firebaseapp.com,1,fr,1,7,24,11,0.42703864448662443,votre
manager.infoempire.us,1,fr,6,40,21,11,1.0,in
jblcouverture.fr,1,fr,8,616,16,1183,0.9395198457016709,de
jblcouverture.fr,1,fr,8,616,16,1183,0.16618880602384645,plus
jblcouverture.fr,1,fr,8,616,16,1183,0.1335042230167604,dun
jblcouverture.fr,1,fr,8,616,16,1183,0.13227198656529632,votre
jblcouverture.fr,1,fr,8,616,16,1183,0.12208307782849293,vos
jblcouverture.fr,1,fr,8,616,16,1183,0.09929446762963591,ne
jblcouverture.fr,1,fr,8,616,16,1183,0.08874643075587098,se
jblcouverture.fr,1,fr,8,616,16,1183,0.07714277634679138,dune
jblcouverture.fr,1,fr,8,616,16,1183,0.06979876265206561,aux
jblcouverture.fr,1,fr,8,616,16,1183,0.06529409378109485,on
jblcouverture.fr,1,fr,8,616,16,1183,0.05180652687159287,cest
jblcouverture.fr,1,fr,8,616,16,1183,0.04462962238101644,tre
jblcouverture.fr,1,fr,8,616,16,1183,0.02649484939641574,services
jblcouverture.fr,1,fr,8,616,16,1183,0.025714258782263796,savoir
jblcouverture.fr,1,fr,8,616,16,1183,0.024490256499809498,accueil
orangess.contactin.bio,1,fr,8,67,22,58,0.8033358077292795,votre
orangess.contactin.bio,1,fr,8,67,22,58,0.351387070816596,dune
orangess.contactin.bio,1,fr,8,67,22,58,0.346376023263331,service
orangess.contactin.bio,1,fr,8,67,22,58,0.3334701740653261,de
taxes.prevention-maif.fr,1,fr,16,307,24,703,0.6134687488290808,de
taxes.prevention-maif.fr,1,fr,16,307,24,703,0.612255268745195,votre
taxes.prevention-maif.fr,1,fr,16,307,24,703,0.33738808194949704,pouvez
taxes.prevention-maif.fr,1,fr,16,307,24,703,0.2496159122547337,ne
taxes.prevention-maif.fr,1,fr,16,307,24,703,0.14564823030516783,service
taxes.prevention-maif.fr,1,fr,16,307,24,703,0.12463753451233375,espace
taxes.prevention-maif.fr,1,fr,16,307,24,703,0.1193660818385129,plus
taxes.prevention-maif.fr,1,fr,16,307,24,703,0.08768688462135292,vos
taxes.prevention-maif.fr,1,fr,16,307,24,703,0.07612032210876671,services
taxes.prevention-maif.fr,1,fr,16,307,24,703,0.06684449263293862,aux
taxes.prevention-maif.fr,1,fr,16,307,24,703,0.038356075578565886,dun
taxes.prevention-maif.fr,1,fr,16,307,24,703,0.03518053991173109,accueil
taxes.prevention-maif.fr,1,fr,16,307,24,703,0.03168969592033654,site
wetransconect-71216.firebaseapp.com,1,fr,1,7,35,11,0.6483880883015917,tre
wetransconect-71216.firebaseapp.com,1,fr,1,7,35,11,0.6302625508973492,espace
wetransconect-71216.firebaseapp.com,1,fr,1,7,35,11,0.42703864448662443,votre
postmesterpr.web.app,1,fr,1,7,20,11,0.6483880883015917,tre
postmesterpr.web.app,1,fr,1,7,20,11,0.6302625508973492,espace
postmesterpr.web.app,1,fr,1,7,20,11,0.42703864448662443,votre
chromeacti.web.app,1,fr,1,7,18,11,0.6483880883015917,tre
chromeacti.web.app,1,fr,1,7,18,11,0.6302625508973492,espace
chromeacti.web.app,1,fr,1,7,18,11,0.42703864448662443,votre
seonewsservic.blogspot.com,1,fr,5,384,26,113,1.0,de
www.cse-syneoshealth.fr,1,fr,11,108,23,87,0.7175078961819835,de
www.cse-syneoshealth.fr,1,fr,11,108,23,87,0.5761632575257682,votre
www.cse-syneoshealth.fr,1,fr,11,108,23,87,0.24329056206651234,ne
www.cse-syneoshealth.fr,1,fr,11,108,23,87,0.21744584099616507,se
www.cse-syneoshealth.fr,1,fr,11,108,23,87,0.2162066794449933,site
connect.bp.seventure.fr,1,fr,1,43,23,25,1.0,de
finlesuvr.web.app,1,fr,1,7,17,11,0.6483880883015917,tre
finlesuvr.web.app,1,fr,1,7,17,11,0.6302625508973492,espace
finlesuvr.web.app,1,fr,1,7,17,11,0.42703864448662443,votre
rsjfxyargx.sgmedia.fr,1,fr,17,378,21,1307,0.7094237483767484,de
rsjfxyargx.sgmedia.fr,1,fr,17,378,21,1307,0.4010261500338236,vos
rsjfxyargx.sgmedia.fr,1,fr,17,378,21,1307,0.3946887395843138,dun
rsjfxyargx.sgmedia.fr,1,fr,17,378,21,1307,0.2456583353709317,plus
rsjfxyargx.sgmedia.fr,1,fr,17,378,21,1307,0.17491190468805823,se
rsjfxyargx.sgmedia.fr,1,fr,17,378,21,1307,0.17379812656468388,votre
rsjfxyargx.sgmedia.fr,1,fr,17,378,21,1307,0.10995163678252996,tre
rsjfxyargx.sgmedia.fr,1,fr,17,378,21,1307,0.10869695740890019,site
rsjfxyargx.sgmedia.fr,1,fr,17,378,21,1307,0.10210639699201554,cest
rsjfxyargx.sgmedia.fr,1,fr,17,378,21,1307,0.08437578966981106,produits
rsjfxyargx.sgmedia.fr,1,fr,17,378,21,1307,0.07859907925784329,contact
rsjfxyargx.sgmedia.fr,1,fr,17,378,21,1307,0.07338795618382124,ne
rsjfxyargx.sgmedia.fr,1,fr,17,378,21,1307,0.06878380581821225,aux
rsjfxyargx.sgmedia.fr,1,fr,17,378,21,1307,0.02534034294641108,savoir
rsjfxyargx.sgmedia.fr,1,fr,17,378,21,1307,0.024134139109574248,accueil
nizotchauffage.bilty.be,1,fr,13,63,23,25,0.7118363853009727,espace
nizotchauffage.bilty.be,1,fr,13,63,23,25,0.6006299490120607,de
nizotchauffage.bilty.be,1,fr,13,63,23,25,0.36405030546809675,se
postmesterpr.firebaseapp.com,1,fr,1,7,28,11,0.6483880883015917,tre
postmesterpr.firebaseapp.com,1,fr,1,7,28,11,0.6302625508973492,espace
postmesterpr.firebaseapp.com,1,fr,1,7,28,11,0.42703864448662443,votre
stornierung.com,1,fr,3,13,15,7,1.0,contact
www.goutezlaqualite.com,1,fr,50,584,23,317,0.6971741940367506,produits
www.goutezlaqualite.com,1,fr,50,584,23,317,0.5109537897148032,de
www.goutezlaqualite.com,1,fr,50,584,23,317,0.3624657123651803,plus
www.goutezlaqualite.com,1,fr,50,584,23,317,0.3079314466416792,site
www.goutezlaqualite.com,1,fr,50,584,23,317,0.13916631590663728,contact
www.goutezlaqualite.com,1,fr,50,584,23,317,0.08546306799446594,accueil
www.csemizuho.fr,1,fr,12,84,16,126,0.7393017125479693,de
www.csemizuho.fr,1,fr,12,84,16,126,0.49471985518978884,votre
www.csemizuho.fr,1,fr,12,84,16,126,0.2254039339474894,in
www.csemizuho.fr,1,fr,12,84,16,126,0.17568797255360113,pouvez
www.csemizuho.fr,1,fr,12,84,16,126,0.15663558693711824,aux
www.csemizuho.fr,1,fr,12,84,16,126,0.14936707409105615,se
www.csemizuho.fr,1,fr,12,84,16,126,0.14851587392840082,site
www.csemizuho.fr,1,fr,12,84,16,126,0.14603052999398966,espace
www.csemizuho.fr,1,fr,12,84,16,126,0.13698347810317496,vos
www.csemizuho.fr,1,fr,12,84,16,126,0.13424031389896135,contact
avisavoscompteslaposte.weebly.com,1,fr,18,99,33,29,0.9637759143948419,votre
avisavoscompteslaposte.weebly.com,1,fr,18,99,33,29,0.26671330456575715,de
accessionavosreferences.weebly.com,1,fr,18,85,34,27,0.7694004442996145,votre
accessionavosreferences.weebly.com,1,fr,18,85,34,27,0.6387667464040028,de
caissedepargnesacur.firebaseapp.com,1,fr,11,1012,35,1405,0.7340665573932662,de
caissedepargnesacur.firebaseapp.com,1,fr,11,1012,35,1405,0.5741493159852658,votre
caissedepargnesacur.firebaseapp.com,1,fr,11,1012,35,1405,0.30205588458884913,vos
caissedepargnesacur.firebaseapp.com,1,fr,11,1012,35,1405,0.10194772678952936,pouvez
caissedepargnesacur.firebaseapp.com,1,fr,11,1012,35,1405,0.0871751496492522,tre
caissedepargnesacur.firebaseapp.com,1,fr,11,1012,35,1405,0.06492339958189629,plus
caissedepargnesacur.firebaseapp.com,1,fr,11,1012,35,1405,0.06258578943429458,dun
caissedepargnesacur.firebaseapp.com,1,fr,11,1012,35,1405,0.062102944309456336,services
caissedepargnesacur.firebaseapp.com,1,fr,11,1012,35,1405,0.059413726090703056,service
caissedepargnesacur.firebaseapp.com,1,fr,11,1012,35,1405,0.0401821792409688,savoir
caissedepargnesacur.firebaseapp.com,1,fr,11,1012,35,1405,0.038790424893392066,ne
caissedepargnesacur.firebaseapp.com,1,fr,11,1012,35,1405,0.033895275489539536,espace
caissedepargnesacur.firebaseapp.com,1,fr,11,1012,35,1405,0.02229911352081635,produits
caissedepargnesacur.firebaseapp.com,1,fr,11,1012,35,1405,0.020238762919760366,cest
caissedepargnesacur.firebaseapp.com,1,fr,11,1012,35,1405,0.0200910896204844,dune
caissedepargnesacur.firebaseapp.com,1,fr,11,1012,35,1405,0.018178412318704384,aux
caissedepargnesacur.firebaseapp.com,1,fr,11,1012,35,1405,0.017334861845640048,se
caissedepargnesacur.firebaseapp.com,1,fr,11,1012,35,1405,0.017236075434294656,site
caissedepargnesacur.firebaseapp.com,1,fr,11,1012,35,1405,0.015579319001289775,contact
roundcubewebmail5.weebly.com,1,fr,22,118,28,79,0.8522819077463737,de
roundcubewebmail5.weebly.com,1,fr,22,118,28,79,0.39345183649403614,service
roundcubewebmail5.weebly.com,1,fr,22,118,28,79,0.22812920615481733,votre
roundcubewebmail5.weebly.com,1,fr,22,118,28,79,0.19265957023200328,ne
roundcubewebmail5.weebly.com,1,fr,22,118,28,79,0.17219337207007931,se
liveloempresa.com,1,fr,3,13,17,7,1.0,contact
allrepair.fr,1,fr,4,48,12,5,1.0,site
cfpj.tg,1,fr,38,864,7,713,0.9673485603429018,de
cfpj.tg,1,fr,38,864,7,713,0.14972242482614462,plus
cfpj.tg,1,fr,38,864,7,713,0.11119885926184701,savoir
cfpj.tg,1,fr,38,864,7,713,0.10590577814699513,accueil
cfpj.tg,1,fr,38,864,7,713,0.09539711198593022,site
cfpj.tg,1,fr,38,864,7,713,0.07413257284123136,dune
cfpj.tg,1,fr,38,864,7,713,0.038488418512099484,dun
cfpj.tg,1,fr,38,864,7,713,0.036537692914187,service
cfpj.tg,1,fr,38,864,7,713,0.028742467991938817,contact
paul323courrier.weebly.com,1,fr,18,115,26,35,0.8694763336451659,se
paul323courrier.weebly.com,1,fr,18,115,26,35,0.4322607185592107,site
paul323courrier.weebly.com,1,fr,18,115,26,35,0.2390848728414975,de
paul-infos345.weebly.com,1,fr,18,115,24,33,0.8750666911799436,site
paul-infos345.weebly.com,1,fr,18,115,24,33,0.4840023615514548,de
bnp.centralapp.com,1,fr,3,141,18,35,1.0,votre
dhl-tracking-au.blogspot.com,1,fr,1,99,28,32,1.0,de
www.colectivoterron.org,1,fr,5,179,23,191,0.76963869547651,savoir
www.colectivoterron.org,1,fr,5,179,23,191,0.6217627005800261,plus
www.colectivoterron.org,1,fr,5,179,23,191,0.10955933117495938,de
www.colectivoterron.org,1,fr,5,179,23,191,0.06963688782980224,aux
www.colectivoterron.org,1,fr,5,179,23,191,0.06492210254238359,espace
finlesuvr.firebaseapp.com,1,fr,1,7,25,11,0.6483880883015917,tre
finlesuvr.firebaseapp.com,1,fr,1,7,25,11,0.6302625508973492,espace
finlesuvr.firebaseapp.com,1,fr,1,7,25,11,0.42703864448662443,votre
kasehoricup.web.app,1,fr,1,7,19,11,0.6483880883015917,tre
kasehoricup.web.app,1,fr,1,7,19,11,0.6302625508973492,espace
kasehoricup.web.app,1,fr,1,7,19,11,0.42703864448662443,votre
cosmatkd.com,1,fr,2,212,12,174,0.8142848865136219,de
cosmatkd.com,1,fr,2,212,12,174,0.46211670393614684,plus
cosmatkd.com,1,fr,2,212,12,174,0.2723975671530809,accueil
cosmatkd.com,1,fr,2,212,12,174,0.2217833198141203,contact
artetfloritude.fr,1,fr,15,1768,17,979,0.9283339837842026,de
artetfloritude.fr,1,fr,15,1768,17,979,0.192852409943197,service
artetfloritude.fr,1,fr,15,1768,17,979,0.14751433950006937,aux
artetfloritude.fr,1,fr,15,1768,17,979,0.1375268392077235,espace
artetfloritude.fr,1,fr,15,1768,17,979,0.13171024289024783,plus
artetfloritude.fr,1,fr,15,1768,17,979,0.10320529422435393,vos
artetfloritude.fr,1,fr,15,1768,17,979,0.09318223796127374,votre
artetfloritude.fr,1,fr,15,1768,17,979,0.09316490685626184,accueil
artetfloritude.fr,1,fr,15,1768,17,979,0.07585391657019927,contact
artetfloritude.fr,1,fr,15,1768,17,979,0.0652141400083214,dune
artetfloritude.fr,1,fr,15,1768,17,979,0.04090352871529176,to
artetfloritude.fr,1,fr,15,1768,17,979,0.033858114150746285,dun
artetfloritude.fr,1,fr,15,1768,17,979,0.032846738120633955,cest
artetfloritude.fr,1,fr,15,1768,17,979,0.0326070700041607,savoir
motodigote.inovaperf.me,1,fr,1,23,23,69,0.7884294583968774,votre
motodigote.inovaperf.me,1,fr,1,23,23,69,0.559983884188929,pouvez
motodigote.inovaperf.me,1,fr,1,23,23,69,0.21830902543576736,vos
motodigote.inovaperf.me,1,fr,1,23,23,69,0.13091297870712595,de
biemadepur.web.app,1,fr,1,7,18,11,0.6483880883015917,tre
biemadepur.web.app,1,fr,1,7,18,11,0.6302625508973492,espace
biemadepur.web.app,1,fr,1,7,18,11,0.42703864448662443,votre
smartfreshtoday.blogspot.com,1,fr,1,99,28,32,1.0,de
alphyt.com,1,fr,31,696,10,957,0.697354179862663,produits
alphyt.com,1,fr,31,696,10,957,0.6409866487375473,de
alphyt.com,1,fr,31,696,10,957,0.19897100979635574,aux
alphyt.com,1,fr,31,696,10,957,0.1516353156416044,ne
alphyt.com,1,fr,31,696,10,957,0.12180196328007999,contact
alphyt.com,1,fr,31,696,10,957,0.08131627085162486,se
alphyt.com,1,fr,31,696,10,957,0.06473762250017924,services
alphyt.com,1,fr,31,696,10,957,0.06193431589689241,service
alphyt.com,1,fr,31,696,10,957,0.05983959208432824,accueil
alphyt.com,1,fr,31,696,10,957,0.039884963407865716,on
alphyt.com,1,fr,31,696,10,957,0.03591043428644388,votre
alphyt.com,1,fr,31,696,10,957,0.03262047601224704,dun
alphyt.com,1,fr,31,696,10,957,0.031646069482020554,cest
alphyt.com,1,fr,31,696,10,957,0.03141516211342029,dune
alphyt.com,1,fr,31,696,10,957,0.02537915017735186,plus
alphyt.com,1,fr,31,696,10,957,0.024858190636322178,vos
support-spotify.inovaperf.me,1,fr,1,20,28,80,0.5379047160275185,votre
support-spotify.inovaperf.me,1,fr,1,20,28,80,0.4775601180876451,pouvez
support-spotify.inovaperf.me,1,fr,1,20,28,80,0.44657583431088643,de
support-spotify.inovaperf.me,1,fr,1,20,28,80,0.38015593073241216,plus
support-spotify.inovaperf.me,1,fr,1,20,28,80,0.37235244409830087,vos
dtc.ma,1,fr,5,335,6,432,0.9662660674589476,de
dtc.ma,1,fr,5,335,6,432,0.16359570143939747,espace
dtc.ma,1,fr,5,335,6,432,0.12311362069018443,on
dtc.ma,1,fr,5,335,6,432,0.09361108115974996,ne
dtc.ma,1,fr,5,335,6,432,0.08318999654114059,site
dtc.ma,1,fr,5,335,6,432,0.07519365407579277,contact
dtc.ma,1,fr,5,335,6,432,0.05542268574187995,votre
acnote010.web.app,1,fr,1,40,17,67,0.5503661376820617,de
acnote010.web.app,1,fr,1,40,17,67,0.4971908211141667,votre
acnote010.web.app,1,fr,1,40,17,67,0.48919968445303436,espace
acnote010.web.app,1,fr,1,40,17,67,0.458892221141089,vos
simoneetkurtexpo.ch,1,fr,13,228,19,59,0.7418617180937166,site
simoneetkurtexpo.ch,1,fr,13,228,19,59,0.6705528996485207,contact
golydhj.weebly.com,1,fr,18,100,18,32,0.6606625965679714,se
golydhj.weebly.com,1,fr,18,100,18,32,0.6568976697052002,site
golydhj.weebly.com,1,fr,18,100,18,32,0.3633323341404445,de
tzz.lkhasd.top,1,fr,3,13,14,7,1.0,contact
mydysfunctionaltribe.com,1,fr,5,251,24,15,0.8591734027367375,in
mydysfunctionaltribe.com,1,fr,5,251,24,15,0.5116845356562731,contact
csemizuho.fr,1,fr,12,84,12,126,0.7393017125479693,de
csemizuho.fr,1,fr,12,84,12,126,0.49471985518978884,votre
csemizuho.fr,1,fr,12,84,12,126,0.2254039339474894,in
csemizuho.fr,1,fr,12,84,12,126,0.17568797255360113,pouvez
csemizuho.fr,1,fr,12,84,12,126,0.15663558693711824,aux
csemizuho.fr,1,fr,12,84,12,126,0.14936707409105615,se
csemizuho.fr,1,fr,12,84,12,126,0.14851587392840082,site
csemizuho.fr,1,fr,12,84,12,126,0.14603052999398966,espace
csemizuho.fr,1,fr,12,84,12,126,0.13698347810317496,vos
csemizuho.fr,1,fr,12,84,12,126,0.13424031389896135,contact
kiyo.ooo,1,fr,5,211,8,237,0.7883320594299628,de
kiyo.ooo,1,fr,5,211,8,237,0.5020762666121197,cest
kiyo.ooo,1,fr,5,211,8,237,0.3006425318943993,aux
kiyo.ooo,1,fr,5,211,8,237,0.18991064897965784,votre
wshzizbi.blogspot.com,1,fr,1,99,21,30,1.0,de
acnote010.firebaseapp.com,1,fr,1,40,25,67,0.5503661376820617,de
acnote010.firebaseapp.com,1,fr,1,40,25,67,0.4971908211141667,votre
acnote010.firebaseapp.com,1,fr,1,40,25,67,0.48919968445303436,espace
acnote010.firebaseapp.com,1,fr,1,40,25,67,0.458892221141089,vos
kng.mabaco.fr,1,fr,1,50,13,40,1.0,on
espaceclienti8.inovaperf.me,1,fr,1,23,27,69,0.7884294583968774,votre
espaceclienti8.inovaperf.me,1,fr,1,23,27,69,0.559983884188929,pouvez
espaceclienti8.inovaperf.me,1,fr,1,23,27,69,0.21830902543576736,vos
espaceclienti8.inovaperf.me,1,fr,1,23,27,69,0.13091297870712595,de
sogo-fr1.weebly.com,1,fr,15,105,19,34,1.0,de
leslainesfinndor.com,1,fr,40,659,20,793,0.8262346221398112,de
leslainesfinndor.com,1,fr,40,659,20,793,0.33701693392351834,dune
leslainesfinndor.com,1,fr,40,659,20,793,0.3117127629692991,produits
leslainesfinndor.com,1,fr,40,659,20,793,0.19262075451632404,votre
leslainesfinndor.com,1,fr,40,659,20,793,0.1084479928673834,ne
leslainesfinndor.com,1,fr,40,659,20,793,0.10164427612727886,aux
leslainesfinndor.com,1,fr,40,659,20,793,0.09637521583727172,site
leslainesfinndor.com,1,fr,40,659,20,793,0.08889159063695937,vos
leslainesfinndor.com,1,fr,40,659,20,793,0.08711149107409635,contact
leslainesfinndor.com,1,fr,40,659,20,793,0.05832455874375801,dun
leslainesfinndor.com,1,fr,40,659,20,793,0.05787458872496756,services
leslainesfinndor.com,1,fr,40,659,20,793,0.05616948898725306,savoir
leslainesfinndor.com,1,fr,40,659,20,793,0.055368469246533485,service
leslainesfinndor.com,1,fr,40,659,20,793,0.05349581352544624,accueil
leslainesfinndor.com,1,fr,40,659,20,793,0.04874383321841707,tre
leslainesfinndor.com,1,fr,40,659,20,793,0.048463789168581496,se
leslainesfinndor.com,1,fr,40,659,20,793,0.04537725736527812,plus
retawilo.web.app,1,fr,1,7,16,11,0.6483880883015917,tre
retawilo.web.app,1,fr,1,7,16,11,0.6302625508973492,espace
retawilo.web.app,1,fr,1,7,16,11,0.42703864448662443,votre
calinoukids.com,1,fr,39,1949,15,1006,0.9872317447232303,de
calinoukids.com,1,fr,39,1949,15,1006,0.1504973647440464,in
calinoukids.com,1,fr,39,1949,15,1006,0.036694709395092534,accueil
calinoukids.com,1,fr,39,1949,15,1006,0.02987645798130237,contact
calinoukids.com,1,fr,39,1949,15,1006,0.022020921341436284,votre
lebrun.fr,1,fr,1,270,9,392,0.6519638810591399,savoir
lebrun.fr,1,fr,1,270,9,392,0.6224607533091,plus
lebrun.fr,1,fr,1,270,9,392,0.33748410274203056,de
lebrun.fr,1,fr,1,270,9,392,0.1999845863393712,espace
lebrun.fr,1,fr,1,270,9,392,0.17527264882087804,service
lebrun.fr,1,fr,1,270,9,392,0.053626976257864487,aux
www.fondation-rustica.org,1,fr,22,331,25,266,0.9035368120703167,de
www.fondation-rustica.org,1,fr,22,331,25,266,0.2557548258866718,cest
www.fondation-rustica.org,1,fr,22,331,25,266,0.21766368664666688,votre
www.fondation-rustica.org,1,fr,22,331,25,266,0.1968739904906679,contact
www.fondation-rustica.org,1,fr,22,331,25,266,0.10708263538113774,espace
www.fondation-rustica.org,1,fr,22,331,25,266,0.10255365422944605,plus
www.fondation-rustica.org,1,fr,22,331,25,266,0.10044852839721996,vos
ombrafacade.ca,1,fr,2,239,14,347,0.6793001875460175,de
ombrafacade.ca,1,fr,2,239,14,347,0.4090274619029118,dune
ombrafacade.ca,1,fr,2,239,14,347,0.2961452565538568,ne
ombrafacade.ca,1,fr,2,239,14,347,0.2775659506004312,aux
ombrafacade.ca,1,fr,2,239,14,347,0.22698992385173852,produits
ombrafacade.ca,1,fr,2,239,14,347,0.194778849009205,accueil
ombrafacade.ca,1,fr,2,239,14,347,0.17545161365635017,site
ombrafacade.ca,1,fr,2,239,14,347,0.158586951470672,contact
ombrafacade.ca,1,fr,2,239,14,347,0.10618018189101075,dun
ombrafacade.ca,1,fr,2,239,14,347,0.10536100898220954,services
ombrafacade.ca,1,fr,2,239,14,347,0.10225686547572795,savoir
ombrafacade.ca,1,fr,2,239,14,347,0.10079860460586758,service
ombrafacade.ca,1,fr,2,239,14,347,0.08873841806390897,tre
ombrafacade.ca,1,fr,2,239,14,347,0.08260954809668553,plus
ombrafacade.ca,1,fr,2,239,14,347,0.05844452488811407,votre
spar-kasse.stornierung.com,1,fr,3,13,26,7,1.0,contact
uniquedesign.ma,1,fr,18,1801,15,3302,0.5271467442776753,string
uniquedesign.ma,1,fr,18,1801,15,3302,0.4100030233270807,line
uniquedesign.ma,1,fr,18,1801,15,3302,0.39243146518449157,warning
uniquedesign.ma,1,fr,18,1801,15,3302,0.3895028721607267,offset
uniquedesign.ma,1,fr,18,1801,15,3302,0.3338596047091943,homeundesignpublichtmlwpcontentpluginsubermenuincludesmenuitemsubermenuitemclassphp
uniquedesign.ma,1,fr,18,1801,15,3302,0.25833836019535694,in
uniquedesign.ma,1,fr,18,1801,15,3302,0.24321777617660384,on
uniquedesign.ma,1,fr,18,1801,15,3302,0.08582550927520116,to
uniquedesign.ma,1,fr,18,1801,15,3302,0.04674886853327302,de
uniquedesign.ma,1,fr,18,1801,15,3302,0.023214238926079604,plus
uniquedesign.ma,1,fr,18,1801,15,3302,0.017205663389102017,votre
uniquedesign.ma,1,fr,18,1801,15,3302,0.01505185652521125,savoir
uniquedesign.ma,1,fr,18,1801,15,3302,0.009869220900644557,services
uniquedesign.ma,1,fr,18,1801,15,3302,0.009744736570920414,vos
uniquedesign.ma,1,fr,18,1801,15,3302,0.009391225459838861,site
uniquedesign.ma,1,fr,18,1801,15,3302,0.00551363291290545,cest
uniquedesign.ma,1,fr,18,1801,15,3302,0.0026064338305775824,accueil
uniquedesign.ma,1,fr,18,1801,15,3302,0.0023749068863506704,tre
uniquedesign.ma,1,fr,18,1801,15,3302,0.0015187332190761654,produits
uniquedesign.ma,1,fr,18,1801,15,3302,0.0013683505932010228,dune
uniquedesign.ma,1,fr,18,1801,15,3302,0.0011806312617985049,se
uniquedesign.ma,1,fr,18,1801,15,3302,0.0010610659152775633,contact
msmvoice.blogspot.com,1,fr,1,99,21,33,1.0,de
www.fondation-uca.org,1,fr,28,343,21,630,0.9427504012006107,de
www.fondation-uca.org,1,fr,28,343,21,630,0.28324718790072523,plus
www.fondation-uca.org,1,fr,28,343,21,630,0.1113078784787809,accueil
www.fondation-uca.org,1,fr,28,343,21,630,0.09062573894655099,contact
www.fondation-uca.org,1,fr,28,343,21,630,0.05843547599696245,savoir
www.fondation-uca.org,1,fr,28,343,21,630,0.05760214155372879,service
www.fondation-uca.org,1,fr,28,343,21,630,0.05041891318123225,se
www.fondation-uca.org,1,fr,28,343,21,630,0.03339857539505664,votre
dhl-tracking-au.blogspot.com.ng,1,fr,1,99,31,32,1.0,de
aezez.inovaperf.me,1,fr,1,20,18,80,0.5379047160275185,votre
aezez.inovaperf.me,1,fr,1,20,18,80,0.4775601180876451,pouvez
aezez.inovaperf.me,1,fr,1,20,18,80,0.44657583431088643,de
aezez.inovaperf.me,1,fr,1,20,18,80,0.38015593073241216,plus
aezez.inovaperf.me,1,fr,1,20,18,80,0.37235244409830087,vos
senilfirst.web.app,1,fr,1,7,18,11,0.6483880883015917,tre
senilfirst.web.app,1,fr,1,7,18,11,0.6302625508973492,espace
senilfirst.web.app,1,fr,1,7,18,11,0.42703864448662443,votre
www.mapausesophro.net,1,fr,25,455,21,971,0.940452737617419,de
www.mapausesophro.net,1,fr,25,455,21,971,0.22509446044491954,dun
www.mapausesophro.net,1,fr,25,455,21,971,0.12387274725508757,dune
www.mapausesophro.net,1,fr,25,455,21,971,0.10007222130886347,plus
www.mapausesophro.net,1,fr,25,455,21,971,0.08062249596768682,tre
www.mapausesophro.net,1,fr,25,455,21,971,0.08015930198420437,se
www.mapausesophro.net,1,fr,25,455,21,971,0.07970249708725835,site
www.mapausesophro.net,1,fr,25,455,21,971,0.07351352401416922,vos
www.mapausesophro.net,1,fr,25,455,21,971,0.07079900040186023,votre
www.mapausesophro.net,1,fr,25,455,21,971,0.061936373627543784,savoir
www.mapausesophro.net,1,fr,25,455,21,971,0.04802758539998545,contact
www.mapausesophro.net,1,fr,25,455,21,971,0.03190826741919879,services
www.mapausesophro.net,1,fr,25,455,21,971,0.031428223238211844,pouvez
www.mapausesophro.net,1,fr,25,455,21,971,0.029895569313955168,ne
www.mapausesophro.net,1,fr,25,455,21,971,0.028020006843702327,aux
ecoxygene.net,1,fr,3,210,13,501,0.9499744017272493,de
ecoxygene.net,1,fr,3,210,13,501,0.18094208268622097,espace
ecoxygene.net,1,fr,3,210,13,501,0.14848877803433605,dun
ecoxygene.net,1,fr,3,210,13,501,0.1430021754501987,dune
ecoxygene.net,1,fr,3,210,13,501,0.12268106558117267,site
ecoxygene.net,1,fr,3,210,13,501,0.06469416435122004,aux
ecoxygene.net,1,fr,3,210,13,501,0.0554443922978066,contact
nouveauprogramme.weebly.com,1,fr,18,85,27,29,0.7576526636993353,votre
nouveauprogramme.weebly.com,1,fr,18,85,27,29,0.5718810371510661,se
nouveauprogramme.weebly.com,1,fr,18,85,27,29,0.31450678933263576,de
xpiwjj8tg8t.sgmedia.fr,1,fr,17,378,22,1307,0.7094237483767484,de
xpiwjj8tg8t.sgmedia.fr,1,fr,17,378,22,1307,0.4010261500338236,vos
xpiwjj8tg8t.sgmedia.fr,1,fr,17,378,22,1307,0.3946887395843138,dun
xpiwjj8tg8t.sgmedia.fr,1,fr,17,378,22,1307,0.2456583353709317,plus
xpiwjj8tg8t.sgmedia.fr,1,fr,17,378,22,1307,0.17491190468805823,se
xpiwjj8tg8t.sgmedia.fr,1,fr,17,378,22,1307,0.17379812656468388,votre
xpiwjj8tg8t.sgmedia.fr,1,fr,17,378,22,1307,0.10995163678252996,tre
xpiwjj8tg8t.sgmedia.fr,1,fr,17,378,22,1307,0.10869695740890019,site
xpiwjj8tg8t.sgmedia.fr,1,fr,17,378,22,1307,0.10210639699201554,cest
xpiwjj8tg8t.sgmedia.fr,1,fr,17,378,22,1307,0.08437578966981106,produits
xpiwjj8tg8t.sgmedia.fr,1,fr,17,378,22,1307,0.07859907925784329,contact
xpiwjj8tg8t.sgmedia.fr,1,fr,17,378,22,1307,0.07338795618382124,ne
xpiwjj8tg8t.sgmedia.fr,1,fr,17,378,22,1307,0.06878380581821225,aux
xpiwjj8tg8t.sgmedia.fr,1,fr,17,378,22,1307,0.02534034294641108,savoir
xpiwjj8tg8t.sgmedia.fr,1,fr,17,378,22,1307,0.024134139109574248,accueil
www.mimilou-shop.fr,1,fr,56,1159,19,730,0.7186090639965828,de
www.mimilou-shop.fr,1,fr,56,1159,19,730,0.45504346514688754,in
www.mimilou-shop.fr,1,fr,56,1159,19,730,0.39949442450276335,votre
www.mimilou-shop.fr,1,fr,56,1159,19,730,0.25859624766869677,produits
www.mimilou-shop.fr,1,fr,56,1159,19,730,0.2010272840197491,se
www.mimilou-shop.fr,1,fr,56,1159,19,730,0.0982683801209106,espace
pusherneuen3985325.shop,1,fr,3,13,23,7,1.0,contact
interim-securite.com,1,fr,42,885,20,603,0.7274597544577417,de
interim-securite.com,1,fr,42,885,20,603,0.428720924698038,plus
interim-securite.com,1,fr,42,885,20,603,0.36452984946408395,services
interim-securite.com,1,fr,42,885,20,603,0.2743409450280291,contact
interim-securite.com,1,fr,42,885,20,603,0.1684748114933628,accueil
interim-securite.com,1,fr,42,885,20,603,0.1348049217654543,votre
interim-securite.com,1,fr,42,885,20,603,0.09331567580693834,vos
interim-securite.com,1,fr,42,885,20,603,0.07486249440660532,on
interim-securite.com,1,fr,42,885,20,603,0.06544530686355847,produits
interim-securite.com,1,fr,42,885,20,603,0.061227339687769396,dun
interim-securite.com,1,fr,42,885,20,603,0.05984094621119909,pouvez
interim-securite.com,1,fr,42,885,20,603,0.05939841727726384,cest
interim-securite.com,1,fr,42,885,20,603,0.053351527690969215,aux
acdmie-website.weebly.com,1,fr,14,168,25,86,0.7797241003703332,de
acdmie-website.weebly.com,1,fr,14,168,25,86,0.6261232524844246,votre
www.zenith-photo.fr,1,fr,5,1038,19,3196,0.9577893747935813,de
www.zenith-photo.fr,1,fr,5,1038,19,3196,0.16812619951528643,vos
www.zenith-photo.fr,1,fr,5,1038,19,3196,0.12034131172052227,dun
www.zenith-photo.fr,1,fr,5,1038,19,3196,0.11703386170499142,plus
www.zenith-photo.fr,1,fr,5,1038,19,3196,0.11589474706691846,dune
www.zenith-photo.fr,1,fr,5,1038,19,3196,0.050286679866381793,tre
www.zenith-photo.fr,1,fr,5,1038,19,3196,0.04369230625679899,aux
www.zenith-photo.fr,1,fr,5,1038,19,3196,0.04142737403780958,site
www.zenith-photo.fr,1,fr,5,1038,19,3196,0.039804295551535675,services
www.zenith-photo.fr,1,fr,5,1038,19,3196,0.03863158235563949,savoir
www.zenith-photo.fr,1,fr,5,1038,19,3196,0.0380806665356803,service
www.zenith-photo.fr,1,fr,5,1038,19,3196,0.02918664883090104,cest
www.zenith-photo.fr,1,fr,5,1038,19,3196,0.02207973485151783,votre
www.zenith-photo.fr,1,fr,5,1038,19,3196,0.01629364249620107,espace
www.zenith-photo.fr,1,fr,5,1038,19,3196,0.01497812603527161,contact
www.zenith-photo.fr,1,fr,5,1038,19,3196,0.009801364878250398,pouvez
www.zenith-photo.fr,1,fr,5,1038,19,3196,0.009323383662772156,ne
www.zenith-photo.fr,1,fr,5,1038,19,3196,0.008332961970498274,se
chromeacti.firebaseapp.com,1,fr,1,7,26,11,0.6483880883015917,tre
chromeacti.firebaseapp.com,1,fr,1,7,26,11,0.6302625508973492,espace
chromeacti.firebaseapp.com,1,fr,1,7,26,11,0.42703864448662443,votre
sd0z5d4.blogspot.com,1,fr,1,99,20,30,1.0,de
supports.inovaperf.me,1,fr,1,23,21,69,0.7884294583968774,votre
supports.inovaperf.me,1,fr,1,23,21,69,0.559983884188929,pouvez
supports.inovaperf.me,1,fr,1,23,21,69,0.21830902543576736,vos
supports.inovaperf.me,1,fr,1,23,21,69,0.13091297870712595,de
volkanomirados12.blogspot.com,1,fr,1,99,29,30,1.0,de
wetransconect-71216.web.app,1,fr,1,7,27,11,0.6483880883015917,tre
wetransconect-71216.web.app,1,fr,1,7,27,11,0.6302625508973492,espace
wetransconect-71216.web.app,1,fr,1,7,27,11,0.42703864448662443,votre
siamajeron.web.app,1,fr,1,7,18,11,0.6483880883015917,tre
siamajeron.web.app,1,fr,1,7,18,11,0.6302625508973492,espace
siamajeron.web.app,1,fr,1,7,18,11,0.42703864448662443,votre
dawdawdawd66.blogspot.com,1,fr,1,99,25,30,1.0,de
tide-electronics.fr,1,fr,9,219,19,348,0.912665294884582,de
tide-electronics.fr,1,fr,9,219,19,348,0.304390096448787,vos
tide-electronics.fr,1,fr,9,219,19,348,0.1392235679085059,aux
tide-electronics.fr,1,fr,9,219,19,348,0.11931781163928036,contact
tide-electronics.fr,1,fr,9,219,19,348,0.08539145474136012,produits
tide-electronics.fr,1,fr,9,219,19,348,0.07988795310841888,dun
tide-electronics.fr,1,fr,9,219,19,348,0.07750161934780653,cest
tide-electronics.fr,1,fr,9,219,19,348,0.07427135631625222,ne
tide-electronics.fr,1,fr,9,219,19,348,0.07327395413642877,accueil
tide-electronics.fr,1,fr,9,219,19,348,0.06638152092269864,se
tide-electronics.fr,1,fr,9,219,19,348,0.06215385571132087,plus
tide-electronics.fr,1,fr,9,219,19,348,0.043972551002954705,votre
www.sparkassedeutschland.stornierung.com,1,fr,3,13,40,7,1.0,contact
emailcht.weebly.com,1,fr,22,124,19,80,0.8522819077463737,de
emailcht.weebly.com,1,fr,22,124,19,80,0.39345183649403614,service
emailcht.weebly.com,1,fr,22,124,19,80,0.22812920615481733,votre
emailcht.weebly.com,1,fr,22,124,19,80,0.19265957023200328,ne
emailcht.weebly.com,1,fr,22,124,19,80,0.17219337207007931,se
rdudeboygay.web.app,1,fr,1,8,19,23,1.0,tre
vistory.com,1,fr,54,1577,11,1723,0.9424340855439951,de
vistory.com,1,fr,54,1577,11,1723,0.2367337660833002,plus
vistory.com,1,fr,54,1577,11,1723,0.14651849229104874,savoir
vistory.com,1,fr,54,1577,11,1723,0.10841398033370836,produits
vistory.com,1,fr,54,1577,11,1723,0.10310991538182432,aux
vistory.com,1,fr,54,1577,11,1723,0.0802383482635961,service
vistory.com,1,fr,54,1577,11,1723,0.0558280602443966,votre
vistory.com,1,fr,54,1577,11,1723,0.02809291603253489,se
vistory.com,1,fr,54,1577,11,1723,0.027932822552483326,site
vistory.com,1,fr,54,1577,11,1723,0.016904445148969768,dun
vistory.com,1,fr,54,1577,11,1723,0.016279832476783194,dune
vistory.com,1,fr,54,1577,11,1723,0.015715962421565213,ne
bforbank.click,1,fr,1,46,14,45,0.8592806329691262,de
bforbank.click,1,fr,1,46,14,45,0.3496349561258136,ne
bforbank.click,1,fr,1,46,14,45,0.3107124758139687,site
bforbank.click,1,fr,1,46,14,45,0.2070022913704879,votre
lescondimentsdahoe.com,1,fr,4,70,22,35,1.0,contact
telegrambot-chain.pages.dev,1,fr,3,38,27,21,1.0,to
totiamigo.blogspot.com,1,fr,1,99,22,30,1.0,de
identifiez-vous3556.weebly.com,1,fr,17,101,30,31,0.5316746182917779,se
identifiez-vous3556.weebly.com,1,fr,17,101,30,31,0.5286447569630771,site
identifiez-vous3556.weebly.com,1,fr,17,101,30,31,0.47783066037759636,contact
identifiez-vous3556.weebly.com,1,fr,17,101,30,31,0.3521927329299468,votre
identifiez-vous3556.weebly.com,1,fr,17,101,30,31,0.29239521212596303,de
erstebank.stornierung.com,1,fr,3,13,25,7,1.0,contact
emondagesdansereau.com,1,fr,15,421,22,166,0.9312854269029929,services
emondagesdansereau.com,1,fr,15,421,22,166,0.2869415439726221,accueil
emondagesdansereau.com,1,fr,15,421,22,166,0.14542369048793397,ne
emondagesdansereau.com,1,fr,15,421,22,166,0.12923466067063036,site
emondagesdansereau.com,1,fr,15,421,22,166,0.08609847677736947,votre
emondagesdansereau.com,1,fr,15,421,22,166,0.07148013013104577,de
sjfkeno.web.app,1,fr,1,7,15,11,0.6483880883015917,tre
sjfkeno.web.app,1,fr,1,7,15,11,0.6302625508973492,espace
sjfkeno.web.app,1,fr,1,7,15,11,0.42703864448662443,votre
lafermeduboisparis.fr,1,fr,32,308,21,289,0.8211551901262978,de
lafermeduboisparis.fr,1,fr,32,308,21,289,0.2875558567639021,contact
lafermeduboisparis.fr,1,fr,32,308,21,289,0.24722135324230973,savoir
lafermeduboisparis.fr,1,fr,32,308,21,289,0.23545358255903645,accueil
lafermeduboisparis.fr,1,fr,32,308,21,289,0.19972100822947586,plus
lafermeduboisparis.fr,1,fr,32,308,21,289,0.13719557089375997,produits
lafermeduboisparis.fr,1,fr,32,308,21,289,0.12835328040072314,dun
lafermeduboisparis.fr,1,fr,32,308,21,289,0.12736304353930994,services
lafermeduboisparis.fr,1,fr,32,308,21,289,0.11932928372897966,ne
lafermeduboisparis.fr,1,fr,32,308,21,289,0.10604516663716222,site
lafermeduboisparis.fr,1,fr,32,308,21,289,0.09781066075800365,vos
bbbank.stornierung.com,1,fr,3,13,22,7,1.0,contact
alhopital.apps-1and1.net,1,fr,10,124,24,117,0.7552309823040001,de
alhopital.apps-1and1.net,1,fr,10,124,24,117,0.3993167895729729,to
alhopital.apps-1and1.net,1,fr,10,124,24,117,0.32066314145097785,cest
alhopital.apps-1and1.net,1,fr,10,124,24,117,0.3031711661981824,accueil
alhopital.apps-1and1.net,1,fr,10,124,24,117,0.2746537067546938,se
sjfkeno.firebaseapp.com,1,fr,1,7,23,11,0.6483880883015917,tre
sjfkeno.firebaseapp.com,1,fr,1,7,23,11,0.6302625508973492,espace
sjfkeno.firebaseapp.com,1,fr,1,7,23,11,0.42703864448662443,votre
chronopostvalidation.blogspot.com,1,fr,5,382,33,109,1.0,de
kasehoricup.firebaseapp.com,1,fr,1,7,27,11,0.6483880883015917,tre
kasehoricup.firebaseapp.com,1,fr,1,7,27,11,0.6302625508973492,espace
kasehoricup.firebaseapp.com,1,fr,1,7,27,11,0.42703864448662443,votre
roundcubewebmail6.weebly.com,1,fr,22,118,28,80,0.8522819077463737,de
roundcubewebmail6.weebly.com,1,fr,22,118,28,80,0.39345183649403614,service
roundcubewebmail6.weebly.com,1,fr,22,118,28,80,0.22812920615481733,votre
roundcubewebmail6.weebly.com,1,fr,22,118,28,80,0.19265957023200328,ne
roundcubewebmail6.weebly.com,1,fr,22,118,28,80,0.17219337207007931,se
qsd0a.blogspot.com,1,fr,1,99,18,30,1.0,de
yvespertosa.fr,1,fr,1,615,14,829,0.6722702564285338,savoir
yvespertosa.fr,1,fr,1,615,14,829,0.5431023317997781,plus
yvespertosa.fr,1,fr,1,615,14,829,0.3659366891367673,votre
yvespertosa.fr,1,fr,1,615,14,829,0.2886153504842339,de
yvespertosa.fr,1,fr,1,615,14,829,0.10801654329880825,espace
yvespertosa.fr,1,fr,1,615,14,829,0.10132457777398976,vos
yvespertosa.fr,1,fr,1,615,14,829,0.09603860806121911,dune
yvespertosa.fr,1,fr,1,615,14,829,0.05793047063248979,aux
yvespertosa.fr,1,fr,1,615,14,829,0.027463728522055832,site
yvespertosa.fr,1,fr,1,615,14,829,0.02482387532132762,contact
www.enomis-paris.fr,1,fr,20,575,19,446,0.798251646728703,de
www.enomis-paris.fr,1,fr,20,575,19,446,0.3738402741610704,savoir
www.enomis-paris.fr,1,fr,20,575,19,446,0.31534922498317347,espace
www.enomis-paris.fr,1,fr,20,575,19,446,0.18969685991663338,pouvez
www.enomis-paris.fr,1,fr,20,575,19,446,0.16912528821006717,aux
www.enomis-paris.fr,1,fr,20,575,19,446,0.16035813108035527,site
www.enomis-paris.fr,1,fr,20,575,19,446,0.14790617296641212,vos
www.enomis-paris.fr,1,fr,20,575,19,446,0.10683349771058748,votre
bapt-activ.fr,1,fr,8,310,13,464,0.8076391814940412,de
bapt-activ.fr,1,fr,8,310,13,464,0.30720279527460836,votre
bapt-activ.fr,1,fr,8,310,13,464,0.28353896950150165,vos
bapt-activ.fr,1,fr,8,310,13,464,0.22475095813780693,to
bapt-activ.fr,1,fr,8,310,13,464,0.17916474337730956,savoir
bapt-activ.fr,1,fr,8,310,13,464,0.15458574585664175,se
bapt-activ.fr,1,fr,8,310,13,464,0.15370480597870617,site
bapt-activ.fr,1,fr,8,310,13,464,0.09230176403535804,services
bapt-activ.fr,1,fr,8,310,13,464,0.0902408190219812,cest
bapt-activ.fr,1,fr,8,310,13,464,0.08647958688158283,ne
bapt-activ.fr,1,fr,8,310,13,464,0.085318238378687,accueil
bapt-activ.fr,1,fr,8,310,13,464,0.08105410506871924,aux
bapt-activ.fr,1,fr,8,310,13,464,0.0694652391578956,contact
webmailrtm.weebly.com,1,fr,22,117,21,47,0.7982499331466012,de
webmailrtm.weebly.com,1,fr,22,117,21,47,0.4807497076849115,votre
webmailrtm.weebly.com,1,fr,22,117,21,47,0.36287292926356307,se
www.auberge-lorraine-levaltin.fr,1,fr,6,241,32,349,0.8682175260692768,de
www.auberge-lorraine-levaltin.fr,1,fr,6,241,32,349,0.30973904495481275,on
www.auberge-lorraine-levaltin.fr,1,fr,6,241,32,349,0.20929601399093142,site
www.auberge-lorraine-levaltin.fr,1,fr,6,241,32,349,0.18917817922607413,contact
www.auberge-lorraine-levaltin.fr,1,fr,6,241,32,349,0.13943680361509558,votre
www.auberge-lorraine-levaltin.fr,1,fr,6,241,32,349,0.13538800039572746,produits
www.auberge-lorraine-levaltin.fr,1,fr,6,241,32,349,0.11775710401927984,ne
www.auberge-lorraine-levaltin.fr,1,fr,6,241,32,349,0.09854482825158466,plus
www.auberge-lorraine-levaltin.fr,1,fr,6,241,32,349,0.09652199186273631,vos
bc030.odoo.com,1,fr,6,38,14,25,0.7714008707730837,se
bc030.odoo.com,1,fr,6,38,14,25,0.6363495081875432,de
www.nossa.fr,1,fr,72,524,12,207,0.6165347726998702,produits
www.nossa.fr,1,fr,72,524,12,207,0.4612673765611903,de
www.nossa.fr,1,fr,72,524,12,207,0.43074321722755743,contact
www.nossa.fr,1,fr,72,524,12,207,0.26452260823495755,accueil
www.nossa.fr,1,fr,72,524,12,207,0.23827493949929093,site
www.nossa.fr,1,fr,72,524,12,207,0.2243785014523186,plus
www.nossa.fr,1,fr,72,524,12,207,0.15874308980772556,votre
www.nossa.fr,1,fr,72,524,12,207,0.1388716121034909,savoir
acnote009.firebaseapp.com,1,fr,1,40,25,67,0.5503661376820617,de
acnote009.firebaseapp.com,1,fr,1,40,25,67,0.4971908211141667,votre
acnote009.firebaseapp.com,1,fr,1,40,25,67,0.48919968445303436,espace
acnote009.firebaseapp.com,1,fr,1,40,25,67,0.458892221141089,vos
snbcvertess.web.app,1,fr,1,4,19,13,1.0,se
dhl-tracking-au.blogspot.md,1,fr,1,99,27,32,1.0,de
infopay-a7fe0.web.app,1,fr,1,8,21,23,1.0,tre
trustwalletkyci.blogspot.com,1,fr,2,100,28,30,1.0,de
adyton-consulting.com,1,fr,43,659,21,959,0.7613575393625392,de
adyton-consulting.com,1,fr,43,659,21,959,0.283401045477335,site
adyton-consulting.com,1,fr,43,659,21,959,0.28315208453817775,dune
adyton-consulting.com,1,fr,43,659,21,959,0.20358951652584892,se
adyton-consulting.com,1,fr,43,659,21,959,0.19062343342841814,plus
adyton-consulting.com,1,fr,43,659,21,959,0.18671049325136718,vos
adyton-consulting.com,1,fr,43,659,21,959,0.1822298653476544,ne
adyton-consulting.com,1,fr,43,659,21,959,0.16183450348222309,votre
adyton-consulting.com,1,fr,43,659,21,959,0.14367917270625308,pouvez
adyton-consulting.com,1,fr,43,659,21,959,0.1280979637955429,aux
adyton-consulting.com,1,fr,43,659,21,959,0.1198307841490933,on
adyton-consulting.com,1,fr,43,659,21,959,0.0972491812116668,services
adyton-consulting.com,1,fr,43,659,21,959,0.09507776859384956,cest
adyton-consulting.com,1,fr,43,659,21,959,0.08989133535487726,accueil
adyton-consulting.com,1,fr,43,659,21,959,0.04900264267377225,dun
adyton-consulting.com,1,fr,43,659,21,959,0.047192014089696296,savoir
adyton-consulting.com,1,fr,43,659,21,959,0.04651901998610491,service
adyton-consulting.com,1,fr,43,659,21,959,0.04095318838580448,tre
adyton-consulting.com,1,fr,43,659,21,959,0.036594304027549006,contact
berakah-cm.com,1,fr,18,683,14,665,0.8026371343957934,de
berakah-cm.com,1,fr,18,683,14,665,0.31324508547736857,dune
berakah-cm.com,1,fr,18,683,14,665,0.2582032461962991,services
berakah-cm.com,1,fr,18,683,14,665,0.19432077421077362,contact
berakah-cm.com,1,fr,18,683,14,665,0.18526678303038227,service
berakah-cm.com,1,fr,18,683,14,665,0.18143729669662015,ne
berakah-cm.com,1,fr,18,683,14,665,0.14871874967713852,vos
berakah-cm.com,1,fr,18,683,14,665,0.11933383039509318,accueil
berakah-cm.com,1,fr,18,683,14,665,0.11336962659923895,aux
berakah-cm.com,1,fr,18,683,14,665,0.1074927447878226,site
berakah-cm.com,1,fr,18,683,14,665,0.10742042664278817,votre
berakah-cm.com,1,fr,18,683,14,665,0.06505268863408886,dun
berakah-cm.com,1,fr,18,683,14,665,0.06264901709547371,savoir
berakah-cm.com,1,fr,18,683,14,665,0.054366762020792825,tre
berakah-cm.com,1,fr,18,683,14,665,0.050611829013936106,plus
reesy.fr,1,fr,24,1390,8,1038,0.8450081830280723,de
reesy.fr,1,fr,24,1390,8,1038,0.4041344749404306,votre
reesy.fr,1,fr,24,1390,8,1038,0.20722444646270974,vos
reesy.fr,1,fr,24,1390,8,1038,0.20220327423941067,site
reesy.fr,1,fr,24,1390,8,1038,0.134917482372083,services
reesy.fr,1,fr,24,1390,8,1038,0.10877316348376213,dun
reesy.fr,1,fr,24,1390,8,1038,0.0523770187036668,dune
reesy.fr,1,fr,24,1390,8,1038,0.05163008248085024,service
reesy.fr,1,fr,24,1390,8,1038,0.04061493418898365,contact
reesy.fr,1,fr,24,1390,8,1038,0.026577543048771447,pouvez
reesy.fr,1,fr,24,1390,8,1038,0.023695356001223956,aux
reesy.fr,1,fr,24,1390,8,1038,0.02115673028716392,plus
marchededabou.fr,1,fr,73,2156,16,1334,0.8947021332012245,de
marchededabou.fr,1,fr,73,2156,16,1334,0.36213534386969604,disque
marchededabou.fr,1,fr,73,2156,16,1334,0.24263991979924573,produits
marchededabou.fr,1,fr,73,2156,16,1334,0.06357031933361965,contact
marchededabou.fr,1,fr,73,2156,16,1334,0.052052006869093594,accueil
marchededabou.fr,1,fr,73,2156,16,1334,0.03427971158083271,to
marchededabou.fr,1,fr,73,2156,16,1334,0.024725245820705705,aux
marchededabou.fr,1,fr,73,2156,16,1334,0.0220762818286198,plus
marchededabou.fr,1,fr,73,2156,16,1334,0.021623120490721934,vos
validatemailbox-webmail.weebly.com,1,fr,18,113,34,44,0.8781623533056983,de
validatemailbox-webmail.weebly.com,1,fr,18,113,34,44,0.47836270886911536,contact
dhl-tracking-au.blogspot.co.id,1,fr,1,99,30,32,1.0,de
onige.cm,1,fr,19,1046,8,1398,0.7603792770212745,de
onige.cm,1,fr,19,1046,8,1398,0.47298690750782113,to
onige.cm,1,fr,19,1046,8,1398,0.4091121569187867,in
onige.cm,1,fr,19,1046,8,1398,0.11967681451275733,on
onige.cm,1,fr,19,1046,8,1398,0.08528891448320482,aux
onige.cm,1,fr,19,1046,8,1398,0.05300960285436058,espace
onige.cm,1,fr,19,1046,8,1398,0.03262645304124518,dun
onige.cm,1,fr,19,1046,8,1398,0.03165186797113212,cest
onige.cm,1,fr,19,1046,8,1398,0.03033261993674018,ne
onige.cm,1,fr,19,1046,8,1398,0.029925278227295182,accueil
onige.cm,1,fr,19,1046,8,1398,0.027267045303127506,tre
onige.cm,1,fr,19,1046,8,1398,0.027110390126676334,se
onige.cm,1,fr,19,1046,8,1398,0.025383800382839394,plus
onige.cm,1,fr,19,1046,8,1398,0.017958507066198313,votre
studiopoulpe.be,1,fr,7,271,15,738,0.818963274030129,de
studiopoulpe.be,1,fr,7,271,15,738,0.4267793861685668,vos
studiopoulpe.be,1,fr,7,271,15,738,0.2178617561638551,plus
studiopoulpe.be,1,fr,7,271,15,738,0.2157856806278372,votre
studiopoulpe.be,1,fr,7,271,15,738,0.10947306364516675,pouvez
studiopoulpe.be,1,fr,7,271,15,738,0.10413441248043384,ne
studiopoulpe.be,1,fr,7,271,15,738,0.09254183699980394,site
studiopoulpe.be,1,fr,7,271,15,738,0.06765847821446813,to
studiopoulpe.be,1,fr,7,271,15,738,0.054331750471211165,cest
studiopoulpe.be,1,fr,7,271,15,738,0.05393531572471346,dune
studiopoulpe.be,1,fr,7,271,15,738,0.05393531572471346,savoir
studiopoulpe.be,1,fr,7,271,15,738,0.048800658715079805,aux
studiopoulpe.be,1,fr,7,271,15,738,0.04680501962310395,tre
studiopoulpe.be,1,fr,7,271,15,738,0.04549659624335446,espace
studiopoulpe.be,1,fr,7,271,15,738,0.04182329106998092,contact
doc-postale.web.app,1,fr,3,48,19,71,0.8464375205614209,de
doc-postale.web.app,1,fr,3,48,19,71,0.33984726978879787,votre
doc-postale.web.app,1,fr,3,48,19,71,0.3136688407332963,vos
doc-postale.web.app,1,fr,3,48,19,71,0.2042201632707541,services
doc-postale.web.app,1,fr,3,48,19,71,0.16719252456264627,espace
www.pareos.fr,1,fr,1,122,13,1888,0.9171817859765984,de
www.pareos.fr,1,fr,1,122,13,1888,0.2839156155959187,plus
www.pareos.fr,1,fr,1,122,13,1888,0.16845965155758666,se
www.pareos.fr,1,fr,1,122,13,1888,0.13554646552282365,tre
www.pareos.fr,1,fr,1,122,13,1888,0.12394211455545173,on
www.pareos.fr,1,fr,1,122,13,1888,0.061797257878505686,vos
www.pareos.fr,1,fr,1,122,13,1888,0.059003901728993884,cest
www.pareos.fr,1,fr,1,122,13,1888,0.05579565304538681,votre
www.pareos.fr,1,fr,1,122,13,1888,0.04054711780395874,dun
www.pareos.fr,1,fr,1,122,13,1888,0.03904891757450383,dune
www.pareos.fr,1,fr,1,122,13,1888,0.037696415001744636,ne
www.pareos.fr,1,fr,1,122,13,1888,0.021670209588111618,produits
www.pareos.fr,1,fr,1,122,13,1888,0.01766572489788431,aux
www.pareos.fr,1,fr,1,122,13,1888,0.01646966197152698,espace
naiveuae.firebaseapp.com,1,fr,1,7,24,11,0.6483880883015917,tre
naiveuae.firebaseapp.com,1,fr,1,7,24,11,0.6302625508973492,espace
naiveuae.firebaseapp.com,1,fr,1,7,24,11,0.42703864448662443,votre
apic.inovaperf.me,1,fr,1,23,17,69,0.7884294583968774,votre
apic.inovaperf.me,1,fr,1,23,17,69,0.559983884188929,pouvez
apic.inovaperf.me,1,fr,1,23,17,69,0.21830902543576736,vos
apic.inovaperf.me,1,fr,1,23,17,69,0.13091297870712595,de
procor-dz.com,1,fr,36,1263,13,1053,0.9303908409840803,de
procor-dz.com,1,fr,36,1263,13,1053,0.21723601767333464,aux
procor-dz.com,1,fr,36,1263,13,1053,0.18998074353385921,vos
procor-dz.com,1,fr,36,1263,13,1053,0.12411752132392007,contact
procor-dz.com,1,fr,36,1263,13,1053,0.11433223724188046,accueil
procor-dz.com,1,fr,36,1263,13,1053,0.08882643386708064,produits
procor-dz.com,1,fr,36,1263,13,1053,0.06905180144893736,se
procor-dz.com,1,fr,36,1263,13,1053,0.06465407306442825,plus
procor-dz.com,1,fr,36,1263,13,1053,0.04155077346471484,dun
procor-dz.com,1,fr,36,1263,13,1053,0.03472540582361534,tre
procor-dz.com,1,fr,36,1263,13,1053,0.03432914750766151,site
procor-dz.com,1,fr,36,1263,13,1053,0.03375466522321019,espace
procor-dz.com,1,fr,36,1263,13,1053,0.02287070120459557,votre
igsolthermsolar.blogspot.com,1,fr,2,286,28,371,0.8454808895700504,de
igsolthermsolar.blogspot.com,1,fr,2,286,28,371,0.4394749916722151,produits
igsolthermsolar.blogspot.com,1,fr,2,286,28,371,0.2686975962604622,aux
igsolthermsolar.blogspot.com,1,fr,2,286,28,371,0.0854096538203188,se
igsolthermsolar.blogspot.com,1,fr,2,286,28,371,0.0799701366602275,plus
igsolthermsolar.blogspot.com,1,fr,2,286,28,371,0.07832858422842971,vos
rmoffice.be,1,fr,5,215,11,93,0.8726166501096851,contact
rmoffice.be,1,fr,5,215,11,93,0.48840575544453935,in
naiveuae.web.app,1,fr,1,7,16,11,0.6483880883015917,tre
naiveuae.web.app,1,fr,1,7,16,11,0.6302625508973492,espace
naiveuae.web.app,1,fr,1,7,16,11,0.42703864448662443,votre
nebimtis.web.app,1,fr,1,7,16,11,0.6483880883015917,tre
nebimtis.web.app,1,fr,1,7,16,11,0.6302625508973492,espace
nebimtis.web.app,1,fr,1,7,16,11,0.42703864448662443,votre
testdisquedur.com,1,fr,12,731,17,7457,0.6475759523882446,dur
testdisquedur.com,1,fr,12,731,17,7457,0.6414511577210407,disque
testdisquedur.com,1,fr,12,731,17,7457,0.3547270872501365,de
testdisquedur.com,1,fr,12,731,17,7457,0.10572500286210618,plus
testdisquedur.com,1,fr,12,731,17,7457,0.08190694740493468,dun
testdisquedur.com,1,fr,12,731,17,7457,0.07889675781779994,votre
testdisquedur.com,1,fr,12,731,17,7457,0.07518360633791452,vos
testdisquedur.com,1,fr,12,731,17,7457,0.05821985299053404,pouvez
testdisquedur.com,1,fr,12,731,17,7457,0.0472264574756042,to
testdisquedur.com,1,fr,12,731,17,7457,0.04695381614634674,cest
testdisquedur.com,1,fr,12,731,17,7457,0.04153549273214864,ne
testdisquedur.com,1,fr,12,731,17,7457,0.03944025878064071,dune
testdisquedur.com,1,fr,12,731,17,7457,0.0286838245677387,savoir
testdisquedur.com,1,fr,12,731,17,7457,0.023336060410731007,tre
testdisquedur.com,1,fr,12,731,17,7457,0.0194648373875938,aux
testdisquedur.com,1,fr,12,731,17,7457,0.01856159168612347,se
testdisquedur.com,1,fr,12,731,17,7457,0.018208616736584783,on
testdisquedur.com,1,fr,12,731,17,7457,0.005541480058329782,services
testdisquedur.com,1,fr,12,731,17,7457,0.003979524457915918,produits
testdisquedur.com,1,fr,12,731,17,7457,0.003024494173109228,espace
testdisquedur.com,1,fr,12,731,17,7457,0.0017671732099212025,service
testdisquedur.com,1,fr,12,731,17,7457,0.0015379845410722012,site
testdisquedur.com,1,fr,12,731,17,7457,0.001390151248511092,contact
telegrambotrectify.pages.dev,1,fr,3,38,28,21,1.0,to
florentbodo.inovaperf.me,1,fr,1,23,24,69,0.7884294583968774,votre
florentbodo.inovaperf.me,1,fr,1,23,24,69,0.559983884188929,pouvez
florentbodo.inovaperf.me,1,fr,1,23,24,69,0.21830902543576736,vos
florentbodo.inovaperf.me,1,fr,1,23,24,69,0.13091297870712595,de
caisse-depargneregional.firebaseapp.com,1,fr,11,1012,39,1405,0.7340665573932662,de
caisse-depargneregional.firebaseapp.com,1,fr,11,1012,39,1405,0.5741493159852658,votre
caisse-depargneregional.firebaseapp.com,1,fr,11,1012,39,1405,0.30205588458884913,vos
caisse-depargneregional.firebaseapp.com,1,fr,11,1012,39,1405,0.10194772678952936,pouvez
caisse-depargneregional.firebaseapp.com,1,fr,11,1012,39,1405,0.0871751496492522,tre
caisse-depargneregional.firebaseapp.com,1,fr,11,1012,39,1405,0.06492339958189629,plus
caisse-depargneregional.firebaseapp.com,1,fr,11,1012,39,1405,0.06258578943429458,dun
caisse-depargneregional.firebaseapp.com,1,fr,11,1012,39,1405,0.062102944309456336,services
caisse-depargneregional.firebaseapp.com,1,fr,11,1012,39,1405,0.059413726090703056,service
caisse-depargneregional.firebaseapp.com,1,fr,11,1012,39,1405,0.0401821792409688,savoir
caisse-depargneregional.firebaseapp.com,1,fr,11,1012,39,1405,0.038790424893392066,ne
caisse-depargneregional.firebaseapp.com,1,fr,11,1012,39,1405,0.033895275489539536,espace
caisse-depargneregional.firebaseapp.com,1,fr,11,1012,39,1405,0.02229911352081635,produits
caisse-depargneregional.firebaseapp.com,1,fr,11,1012,39,1405,0.020238762919760366,cest
caisse-depargneregional.firebaseapp.com,1,fr,11,1012,39,1405,0.0200910896204844,dune
caisse-depargneregional.firebaseapp.com,1,fr,11,1012,39,1405,0.018178412318704384,aux
caisse-depargneregional.firebaseapp.com,1,fr,11,1012,39,1405,0.017334861845640048,se
caisse-depargneregional.firebaseapp.com,1,fr,11,1012,39,1405,0.017236075434294656,site
caisse-depargneregional.firebaseapp.com,1,fr,11,1012,39,1405,0.015579319001289775,contact
caisse-depargneregional.web.app,1,fr,11,1012,31,1405,0.7340665573932662,de
caisse-depargneregional.web.app,1,fr,11,1012,31,1405,0.5741493159852658,votre
caisse-depargneregional.web.app,1,fr,11,1012,31,1405,0.30205588458884913,vos
caisse-depargneregional.web.app,1,fr,11,1012,31,1405,0.10194772678952936,pouvez
caisse-depargneregional.web.app,1,fr,11,1012,31,1405,0.0871751496492522,tre
caisse-depargneregional.web.app,1,fr,11,1012,31,1405,0.06492339958189629,plus
caisse-depargneregional.web.app,1,fr,11,1012,31,1405,0.06258578943429458,dun
caisse-depargneregional.web.app,1,fr,11,1012,31,1405,0.062102944309456336,services
caisse-depargneregional.web.app,1,fr,11,1012,31,1405,0.059413726090703056,service
caisse-depargneregional.web.app,1,fr,11,1012,31,1405,0.0401821792409688,savoir
caisse-depargneregional.web.app,1,fr,11,1012,31,1405,0.038790424893392066,ne
caisse-depargneregional.web.app,1,fr,11,1012,31,1405,0.033895275489539536,espace
caisse-depargneregional.web.app,1,fr,11,1012,31,1405,0.02229911352081635,produits
caisse-depargneregional.web.app,1,fr,11,1012,31,1405,0.020238762919760366,cest
caisse-depargneregional.web.app,1,fr,11,1012,31,1405,0.0200910896204844,dune
caisse-depargneregional.web.app,1,fr,11,1012,31,1405,0.018178412318704384,aux
caisse-depargneregional.web.app,1,fr,11,1012,31,1405,0.017334861845640048,se
caisse-depargneregional.web.app,1,fr,11,1012,31,1405,0.017236075434294656,site
caisse-depargneregional.web.app,1,fr,11,1012,31,1405,0.015579319001289775,contact
d.yzh.li,1,fr,2,31,8,18,1.0,contact
ci.ci,1,fr,38,674,5,208,0.46138303668755976,vos
ci.ci,1,fr,38,674,5,208,0.41649711830299113,accueil
ci.ci,1,fr,38,674,5,208,0.36572143767881893,to
ci.ci,1,fr,38,674,5,208,0.3532892703863945,plus
ci.ci,1,fr,38,674,5,208,0.3391077040652895,contact
ci.ci,1,fr,38,674,5,208,0.2766767316978349,de
ci.ci,1,fr,38,674,5,208,0.2515465192574561,se
ci.ci,1,fr,38,674,5,208,0.1897994432724299,in
ci.ci,1,fr,38,674,5,208,0.15019617323546258,services
ci.ci,1,fr,38,674,5,208,0.1479365457219734,pouvez
ci.ci,1,fr,38,674,5,208,0.14072215356167833,ne
4f4ez65f46ze54f35ez4f34ze.blogspot.com,1,fr,2,101,38,31,1.0,de
owa.sarbacame.com,1,fr,12,63,17,103,0.6418379300285811,de
owa.sarbacame.com,1,fr,12,63,17,103,0.46385982800050224,votre
owa.sarbacame.com,1,fr,12,63,17,103,0.2745479482834674,pouvez
owa.sarbacame.com,1,fr,12,63,17,103,0.27052920196401,savoir
owa.sarbacame.com,1,fr,12,63,17,103,0.26115912298641203,ne
owa.sarbacame.com,1,fr,12,63,17,103,0.23341622728495406,se
owa.sarbacame.com,1,fr,12,63,17,103,0.23208605507772298,site
owa.sarbacame.com,1,fr,12,63,17,103,0.21855055909677287,plus
bunlorad.web.app,1,fr,1,7,16,11,0.6483880883015917,tre
bunlorad.web.app,1,fr,1,7,16,11,0.6302625508973492,espace
bunlorad.web.app,1,fr,1,7,16,11,0.42703864448662443,votre
www.appforservices.com,1,fr,1,16,22,8,0.8762338822332222,se
www.appforservices.com,1,fr,1,16,22,8,0.4818860691351179,de
helvetique-roofers.ch,1,fr,4,526,21,1241,0.7461460971128812,de
helvetique-roofers.ch,1,fr,4,526,21,1241,0.4816509377068911,vos
helvetique-roofers.ch,1,fr,4,526,21,1241,0.34789930209671954,votre
helvetique-roofers.ch,1,fr,4,526,21,1241,0.16391500706229042,plus
helvetique-roofers.ch,1,fr,4,526,21,1241,0.13205699666778942,tre
helvetique-roofers.ch,1,fr,4,526,21,1241,0.13066173137150536,services
helvetique-roofers.ch,1,fr,4,526,21,1241,0.0790065691506244,dun
helvetique-roofers.ch,1,fr,4,526,21,1241,0.07500224414057192,service
helvetique-roofers.ch,1,fr,4,526,21,1241,0.07345193887677992,ne
helvetique-roofers.ch,1,fr,4,526,21,1241,0.06527503438051001,site
helvetique-roofers.ch,1,fr,4,526,21,1241,0.050724871436786535,savoir
helvetique-roofers.ch,1,fr,4,526,21,1241,0.04376610005253401,se
helvetique-roofers.ch,1,fr,4,526,21,1241,0.03933380261304395,contact
helvetique-roofers.ch,1,fr,4,526,21,1241,0.025739197984558267,pouvez
helvetique-roofers.ch,1,fr,4,526,21,1241,0.025362435718393268,dune
roundcubewebmail2.weebly.com,1,fr,22,119,28,80,0.8522819077463737,de
roundcubewebmail2.weebly.com,1,fr,22,119,28,80,0.39345183649403614,service
roundcubewebmail2.weebly.com,1,fr,22,119,28,80,0.22812920615481733,votre
roundcubewebmail2.weebly.com,1,fr,22,119,28,80,0.19265957023200328,ne
roundcubewebmail2.weebly.com,1,fr,22,119,28,80,0.17219337207007931,se
artetfloritude.com,1,fr,15,1768,18,979,0.9283339837842026,de
artetfloritude.com,1,fr,15,1768,18,979,0.192852409943197,service
artetfloritude.com,1,fr,15,1768,18,979,0.14751433950006937,aux
artetfloritude.com,1,fr,15,1768,18,979,0.1375268392077235,espace
artetfloritude.com,1,fr,15,1768,18,979,0.13171024289024783,plus
artetfloritude.com,1,fr,15,1768,18,979,0.10320529422435393,vos
artetfloritude.com,1,fr,15,1768,18,979,0.09318223796127374,votre
artetfloritude.com,1,fr,15,1768,18,979,0.09316490685626184,accueil
artetfloritude.com,1,fr,15,1768,18,979,0.07585391657019927,contact
artetfloritude.com,1,fr,15,1768,18,979,0.0652141400083214,dune
artetfloritude.com,1,fr,15,1768,18,979,0.04090352871529176,to
artetfloritude.com,1,fr,15,1768,18,979,0.033858114150746285,dun
artetfloritude.com,1,fr,15,1768,18,979,0.032846738120633955,cest
artetfloritude.com,1,fr,15,1768,18,979,0.0326070700041607,savoir
medelinemael.github.io,1,fr,4,406,22,597,0.7735840676170881,de
medelinemael.github.io,1,fr,4,406,22,597,0.48453035934129157,votre
medelinemael.github.io,1,fr,4,406,22,597,0.3096048423530627,vos
medelinemael.github.io,1,fr,4,406,22,597,0.1343828123676442,services
medelinemael.github.io,1,fr,4,406,22,597,0.1259062621282875,ne
medelinemael.github.io,1,fr,4,406,22,597,0.10536443708058311,plus
medelinemael.github.io,1,fr,4,406,22,597,0.06771381366816329,dun
medelinemael.github.io,1,fr,4,406,22,597,0.0652118145947543,dune
medelinemael.github.io,1,fr,4,406,22,597,0.0652118145947543,savoir
medelinemael.github.io,1,fr,4,406,22,597,0.05900363176647692,aux
medelinemael.github.io,1,fr,4,406,22,597,0.05659075544017142,tre
medelinemael.github.io,1,fr,4,406,22,597,0.055944987394632044,site
medelinemael.github.io,1,fr,4,406,22,597,0.05500877410372827,espace
trust-wallet-security.blogspot.be,1,fr,1,99,33,30,1.0,de
optimgoal.com,1,fr,43,589,13,860,0.685372118857584,de
optimgoal.com,1,fr,43,589,13,860,0.45098148828886125,services
optimgoal.com,1,fr,43,589,13,860,0.3889571202681305,plus
optimgoal.com,1,fr,43,589,13,860,0.23761561645870624,aux
optimgoal.com,1,fr,43,589,13,860,0.17507787302144934,dune
optimgoal.com,1,fr,43,589,13,860,0.1519324244649867,tre
optimgoal.com,1,fr,43,589,13,860,0.1322735463149407,cest
optimgoal.com,1,fr,43,589,13,860,0.12505810649772003,accueil
optimgoal.com,1,fr,43,589,13,860,0.11329465443580167,se
optimgoal.com,1,fr,43,589,13,860,0.10182103430147489,contact
optimgoal.com,1,fr,43,589,13,860,0.08450692834759282,ne
optimgoal.com,1,fr,43,589,13,860,0.043769468255362334,savoir
zenith-photo.fr,1,fr,5,1038,15,3196,0.9577893747935813,de
zenith-photo.fr,1,fr,5,1038,15,3196,0.16812619951528643,vos
zenith-photo.fr,1,fr,5,1038,15,3196,0.12034131172052227,dun
zenith-photo.fr,1,fr,5,1038,15,3196,0.11703386170499142,plus
zenith-photo.fr,1,fr,5,1038,15,3196,0.11589474706691846,dune
zenith-photo.fr,1,fr,5,1038,15,3196,0.050286679866381793,tre
zenith-photo.fr,1,fr,5,1038,15,3196,0.04369230625679899,aux
zenith-photo.fr,1,fr,5,1038,15,3196,0.04142737403780958,site
zenith-photo.fr,1,fr,5,1038,15,3196,0.039804295551535675,services
zenith-photo.fr,1,fr,5,1038,15,3196,0.03863158235563949,savoir
zenith-photo.fr,1,fr,5,1038,15,3196,0.0380806665356803,service
zenith-photo.fr,1,fr,5,1038,15,3196,0.02918664883090104,cest
zenith-photo.fr,1,fr,5,1038,15,3196,0.02207973485151783,votre
zenith-photo.fr,1,fr,5,1038,15,3196,0.01629364249620107,espace
zenith-photo.fr,1,fr,5,1038,15,3196,0.01497812603527161,contact
zenith-photo.fr,1,fr,5,1038,15,3196,0.009801364878250398,pouvez
zenith-photo.fr,1,fr,5,1038,15,3196,0.009323383662772156,ne
zenith-photo.fr,1,fr,5,1038,15,3196,0.008332961970498274,se
dunotaris75.com,1,fr,8,85,15,165,0.6810911036648962,de
dunotaris75.com,1,fr,8,85,15,165,0.3959013571698277,ne
dunotaris75.com,1,fr,8,85,15,165,0.3245085542264686,vos
dunotaris75.com,1,fr,8,85,15,165,0.21292023349129105,dun
dunotaris75.com,1,fr,8,85,15,165,0.20505291369276515,dune
dunotaris75.com,1,fr,8,85,15,165,0.20505291369276515,savoir
dunotaris75.com,1,fr,8,85,15,165,0.20212870279604067,service
dunotaris75.com,1,fr,8,85,15,165,0.17794473843724776,tre
dunotaris75.com,1,fr,8,85,15,165,0.17591417664211284,site
dunotaris75.com,1,fr,8,85,15,165,0.1656546820329513,plus
dunotaris75.com,1,fr,8,85,15,165,0.11719721763368286,votre
radiocampusrouen.fr,1,fr,38,670,19,460,0.740366410405307,de
radiocampusrouen.fr,1,fr,38,670,19,460,0.3939066170376174,plus
radiocampusrouen.fr,1,fr,38,670,19,460,0.23149252147854754,vos
radiocampusrouen.fr,1,fr,38,670,19,460,0.1964698752336364,cest
radiocampusrouen.fr,1,fr,38,670,19,460,0.1950363214735021,savoir
radiocampusrouen.fr,1,fr,38,670,19,460,0.18575256553612643,accueil
radiocampusrouen.fr,1,fr,38,670,19,460,0.17646880959875078,aux
radiocampusrouen.fr,1,fr,38,670,19,460,0.16827995651255695,se
radiocampusrouen.fr,1,fr,38,670,19,460,0.1672084083266268,votre
radiocampusrouen.fr,1,fr,38,670,19,460,0.12233042979480076,to
radiocampusrouen.fr,1,fr,38,670,19,460,0.10047845454202975,services
radiocampusrouen.fr,1,fr,38,670,19,460,0.08366048862569295,site
radiocampusrouen.fr,1,fr,38,670,19,460,0.08226046933848881,espace
radiocampusrouen.fr,1,fr,38,670,19,460,0.07561892178251438,contact
luisuniv.weebly.com,1,fr,18,107,19,38,0.6653391886272719,votre
luisuniv.weebly.com,1,fr,18,107,19,38,0.5523736721537718,de
luisuniv.weebly.com,1,fr,18,107,19,38,0.5022022405248319,se
do-paris.com,1,fr,19,918,12,439,0.8339815454974022,de
do-paris.com,1,fr,19,918,12,439,0.4409549410899016,to
do-paris.com,1,fr,19,918,12,439,0.2261733194392573,site
do-paris.com,1,fr,19,918,12,439,0.136288809153304,contact
do-paris.com,1,fr,19,918,12,439,0.11157197346403795,on
do-paris.com,1,fr,19,918,12,439,0.08918447769688176,pouvez
do-paris.com,1,fr,19,918,12,439,0.0866258015470396,service
do-paris.com,1,fr,19,918,12,439,0.07099422008166906,plus
do-paris.com,1,fr,19,918,12,439,0.06953691689968498,vos
do-paris.com,1,fr,19,918,12,439,0.05022692361927871,votre
adeccotraining.peexprod.com,1,fr,15,584,27,583,0.8210377327685087,de
adeccotraining.peexprod.com,1,fr,15,584,27,583,0.4563844600100719,vos
adeccotraining.peexprod.com,1,fr,15,584,27,583,0.18637961094852917,plus
adeccotraining.peexprod.com,1,fr,15,584,27,583,0.17303019363339428,savoir
adeccotraining.peexprod.com,1,fr,15,584,27,583,0.16482458840546813,votre
adeccotraining.peexprod.com,1,fr,15,584,27,583,0.10437178081989507,aux
adeccotraining.peexprod.com,1,fr,15,584,27,583,0.059889629731810196,dun
adeccotraining.peexprod.com,1,fr,15,584,27,583,0.05685421704706671,service
adeccotraining.peexprod.com,1,fr,15,584,27,583,0.055679033651332,ne
adeccotraining.peexprod.com,1,fr,15,584,27,583,0.05005181669672779,tre
adeccotraining.peexprod.com,1,fr,15,584,27,583,0.04948066574472978,site
institutdianeboyercoaching.com,1,fr,1,611,30,874,0.6568491514956735,de
institutdianeboyercoaching.com,1,fr,1,611,30,874,0.5063557556493905,votre
institutdianeboyercoaching.com,1,fr,1,611,30,874,0.3131267873391635,plus
institutdianeboyercoaching.com,1,fr,1,611,30,874,0.30669921248829707,vos
institutdianeboyercoaching.com,1,fr,1,611,30,874,0.16036024701563542,ne
institutdianeboyercoaching.com,1,fr,1,611,30,874,0.15820674305578616,accueil
institutdianeboyercoaching.com,1,fr,1,611,30,874,0.14250843200711935,site
institutdianeboyercoaching.com,1,fr,1,611,30,874,0.12881031596061715,contact
institutdianeboyercoaching.com,1,fr,1,611,30,874,0.11410425831440632,services
institutdianeboyercoaching.com,1,fr,1,611,30,874,0.10019980266749075,aux
institutdianeboyercoaching.com,1,fr,1,611,30,874,0.05619380794988018,pouvez
institutdianeboyercoaching.com,1,fr,1,611,30,874,0.05577824991645509,cest
institutdianeboyercoaching.com,1,fr,1,611,30,874,0.055371260703445425,dune
wamecan.weebly.com,1,fr,14,120,18,106,0.8853808367913887,de
wamecan.weebly.com,1,fr,14,120,18,106,0.36785861785802115,service
wamecan.weebly.com,1,fr,14,120,18,106,0.19225442302435414,services
wamecan.weebly.com,1,fr,14,120,18,106,0.1801274683432297,ne
wamecan.weebly.com,1,fr,14,120,18,106,0.10664493933608911,votre
webmhorde.weebly.com,1,fr,22,118,20,79,0.8522819077463737,de
webmhorde.weebly.com,1,fr,22,118,20,79,0.39345183649403614,service
webmhorde.weebly.com,1,fr,22,118,20,79,0.22812920615481733,votre
webmhorde.weebly.com,1,fr,22,118,20,79,0.19265957023200328,ne
webmhorde.weebly.com,1,fr,22,118,20,79,0.17219337207007931,se
serveurorange1.weebly.com,1,fr,18,89,25,32,1.0,de
moncfcsulte223.blogspot.com,1,fr,1,99,27,30,1.0,de
wwdza1.blogspot.com,1,fr,1,99,19,30,1.0,de
lapost0606.weebly.com,1,fr,13,112,21,34,0.7578261250397668,se
lapost0606.weebly.com,1,fr,13,112,21,34,0.5020003680465229,votre
lapost0606.weebly.com,1,fr,13,112,21,34,0.41676755474528904,de
disneyplus.lillbjorkensbyggeri.se,1,fr,4,69,33,59,0.8448367297703426,de
disneyplus.lillbjorkensbyggeri.se,1,fr,4,69,33,59,0.40273931910621746,aux
disneyplus.lillbjorkensbyggeri.se,1,fr,4,69,33,59,0.3522100806007879,vos
www.lorenergie.be,1,fr,6,646,17,922,0.6957072621037149,de
www.lorenergie.be,1,fr,6,646,17,922,0.6193808243935162,votre
www.lorenergie.be,1,fr,6,646,17,922,0.21993156585674986,service
www.lorenergie.be,1,fr,6,646,17,922,0.151324393413735,vos
www.lorenergie.be,1,fr,6,646,17,922,0.13238490330045216,dun
www.lorenergie.be,1,fr,6,646,17,922,0.09852267205615474,services
www.lorenergie.be,1,fr,6,646,17,922,0.0865169490090294,aux
www.lorenergie.be,1,fr,6,646,17,922,0.08300055366770262,in
www.lorenergie.be,1,fr,6,646,17,922,0.07414702252314499,contact
www.lorenergie.be,1,fr,6,646,17,922,0.06374666631154857,dune
www.lorenergie.be,1,fr,6,646,17,922,0.06071231615878408,accueil
www.lorenergie.be,1,fr,6,646,17,922,0.05149857930974044,plus
www.lorenergie.be,1,fr,6,646,17,922,0.03234681564631019,pouvez
www.lorenergie.be,1,fr,6,646,17,922,0.031873333155774286,savoir
www.lorenergie.be,1,fr,6,646,17,922,0.027659650523306,tre
www.lorenergie.be,1,fr,6,646,17,922,0.0275007397434567,se
chorusportail.firebaseapp.com,1,fr,1,7,29,11,0.6483880883015917,tre
chorusportail.firebaseapp.com,1,fr,1,7,29,11,0.6302625508973492,espace
chorusportail.firebaseapp.com,1,fr,1,7,29,11,0.42703864448662443,votre
verta-ppart.firebaseapp.com,1,fr,1,146,27,75,0.7037797621090184,site
verta-ppart.firebaseapp.com,1,fr,1,146,27,75,0.5190173050903165,de
verta-ppart.firebaseapp.com,1,fr,1,146,27,75,0.27751385819044605,pouvez
verta-ppart.firebaseapp.com,1,fr,1,146,27,75,0.26955206810612287,service
verta-ppart.firebaseapp.com,1,fr,1,146,27,75,0.2474190203747884,aux
verta-ppart.firebaseapp.com,1,fr,1,146,27,75,0.15629028412317794,votre
k4nc05mzllltq2mweyywzkndc3zabgaaaaaadlg5b.weebly.com,1,fr,15,136,52,56,1.0,de
travaux.fr.fo,1,fr,4,220,13,141,0.5604367139210448,plus
travaux.fr.fo,1,fr,4,220,13,141,0.5486290248836292,de
travaux.fr.fo,1,fr,4,220,13,141,0.4404705452541669,accueil
travaux.fr.fo,1,fr,4,220,13,141,0.396764167803886,site
travaux.fr.fo,1,fr,4,220,13,141,0.18297753046482473,vos
www.neoindustrysa.com,1,fr,37,460,21,460,0.9460545201823163,de
www.neoindustrysa.com,1,fr,37,460,21,460,0.22696267114374513,produits
www.neoindustrysa.com,1,fr,37,460,21,460,0.15336688257349756,savoir
www.neoindustrysa.com,1,fr,37,460,21,460,0.09737773180255374,accueil
www.neoindustrysa.com,1,fr,37,460,21,460,0.08259962988598461,plus
www.neoindustrysa.com,1,fr,37,460,21,460,0.05149805269866208,cest
www.neoindustrysa.com,1,fr,37,460,21,460,0.05112229419116586,dune
www.neoindustrysa.com,1,fr,37,460,21,460,0.05039325129659207,service
www.neoindustrysa.com,1,fr,37,460,21,460,0.044363882006520375,tre
www.neoindustrysa.com,1,fr,37,460,21,460,0.04410900174037752,se
www.neoindustrysa.com,1,fr,37,460,21,460,0.043857637176370014,site
